{"base_percentages":{"A":26.2598,"C":24.0415,"G":23.625,"N":0.0051,"T":26.0686},"gc_content":0.476665,"insert_size_mean":null,"insert_size_std_dev":null,"interleaved":1,"lib1":{"encoding":"ascii","file":{"file_name":"f9266d3b-82e0-49ee-9cce-d3c8eb88036f.inter.fastq.gz","hid":"KBH_5804056","id":"5da1f782-dcb0-4238-a282-172d1da22f4b","remote_md5":"0bff23221945ca8f50df92bc8e28c43d","type":"shock","url":"https://kbase.us/services/shock-api"},"size":34961561757,"type":"fq"},"number_of_duplicates":19840778,"phred_type":"33","qual_max":41.0,"qual_mean":39.1485,"qual_min":2.0,"qual_stdev":4.3498,"read_count":392760680,"read_length_mean":150.0,"read_length_stdev":0.0,"read_orientation_outward":0,"sequencing_tech":"Illumina","single_genome":0,"total_bases":58914102000}