{"base_percentages":{"A":27.972,"C":21.8239,"G":21.9408,"N":0.0043,"T":28.2591},"gc_content":0.43764699999999995,"insert_size_mean":null,"insert_size_std_dev":null,"interleaved":1,"lib1":{"encoding":"ascii","file":{"file_name":"a277ce39-71a1-453d-bee0-549e432d0c20.inter.fastq.gz","hid":"KBH_5803903","id":"ce61f352-523a-4772-8274-63516ae655f5","remote_md5":"d91bc5b37002742834e7093ce2714773","type":"shock","url":"https://kbase.us/services/shock-api"},"size":32736828921,"type":"fq"},"number_of_duplicates":280074264,"phred_type":"33","qual_max":38.0,"qual_mean":36.2711,"qual_min":2.0,"qual_stdev":4.2607,"read_count":298875516,"read_length_mean":151.0,"read_length_stdev":0.0,"read_orientation_outward":0,"sequencing_tech":"Illumina","single_genome":0,"total_bases":45130202916}