{"base_percentages":{"A":22.4259,"C":27.4455,"G":27.4964,"N":0.0012,"T":22.631},"gc_content":0.549419,"insert_size_mean":null,"insert_size_std_dev":null,"interleaved":1,"lib1":{"encoding":"ascii","file":{"file_name":"4fc41171-1083-4eed-b643-8267efceee40.inter.fastq.gz","hid":"KBH_5801703","id":"f2c9af0c-1aa3-4f57-a140-79657020305e","remote_md5":"60d05136cf96e59431279d6fd63c64ef","type":"shock","url":"https://kbase.us/services/shock-api"},"size":7265097069,"type":"fq"},"number_of_duplicates":164372,"phred_type":"33","qual_max":37.0,"qual_mean":36.1071,"qual_min":2.0,"qual_stdev":4.0741,"read_count":89732688,"read_length_mean":150.5857,"read_length_stdev":0.7514,"read_orientation_outward":0,"sequencing_tech":"Illumina","single_genome":0,"total_bases":13512459427}