{
  "metadata" : [
    [
      12,
      "SRR11567533",
      "KBaseFile.PairedEndLibrary-2.1",
      "2021-11-17T13:16:58+0000",
      1,
      "diogoc",
      103394,
      "diogoc:narrative_1637144432219",
      "7c9e3072befdd2054ad69b341cc8dee7",
      771,
      {
        "gc_content" : "0.549419",
        "number_of_duplicates" : "164372",
        "phred_type" : "33",
        "qual_max" : "37.0",
        "qual_mean" : "36.1071",
        "qual_min" : "2.0",
        "qual_stdev" : "4.0741",
        "read_count" : "89732688",
        "read_length_mean" : "150.5857",
        "read_length_stdev" : "0.7514",
        "sequencing_tech" : "Illumina",
        "single_genome" : "0",
        "total_bases" : "13512459427"
      }
    ]
  ],
  "provenance" : [
    {
      "copy_source_inaccessible" : null,
      "created" : "2021-11-17T13:16:57+0000",
      "creator" : "diogoc",
      "extracted_ids" : null,
      "info" : [
        12,
        "SRR11567533",
        "KBaseFile.PairedEndLibrary-2.1",
        "2021-11-17T13:16:58+0000",
        1,
        "diogoc",
        103394,
        "diogoc:narrative_1637144432219",
        "7c9e3072befdd2054ad69b341cc8dee7",
        771,
        {
          "gc_content" : "0.549419",
          "number_of_duplicates" : "164372",
          "phred_type" : "33",
          "qual_max" : "37.0",
          "qual_mean" : "36.1071",
          "qual_min" : "2.0",
          "qual_stdev" : "4.0741",
          "read_count" : "89732688",
          "read_length_mean" : "150.5857",
          "read_length_stdev" : "0.7514",
          "sequencing_tech" : "Illumina",
          "single_genome" : "0",
          "total_bases" : "13512459427"
        }
      ],
      "provenance" : [
        {
          "custom" : { },
          "description" : "KBase SDK method run via the KBase Execution Engine",
          "epoch" : 1637147435000,
          "external_data" : [ ],
          "input_ws_objects" : [ ],
          "method" : "import_sra_from_web",
          "method_params" : [
            {
              "download_type" : "Direct Download",
              "sra_urls_to_add" : [
                {
                  "file_url" : "https://sra-downloadb.be-md.ncbi.nlm.nih.gov/sos3/sra-pub-run-19/SRR11567533/SRR11567533.1",
                  "insert_size_mean" : null,
                  "insert_size_std_dev" : null,
                  "name" : "SRR11567533",
                  "read_orientation_outward" : 0,
                  "sequencing_tech" : "Illumina",
                  "single_genome" : 0
                }
              ],
              "workspace_name" : "diogoc:narrative_1637144432219"
            }
          ],
          "resolved_ws_objects" : [ ],
          "service" : "kb_uploadmethods",
          "service_ver" : "31e93066beb421a51b9c8e44b1201aa93aea0b4e",
          "subactions" : [
            {
              "code_url" : "https://github.com/kbaseapps/kb_uploadmethods",
              "commit" : "31e93066beb421a51b9c8e44b1201aa93aea0b4e",
              "name" : "kb_uploadmethods",
              "ver" : "31e93066beb421a51b9c8e44b1201aa93aea0b4e"
            },
            {
              "code_url" : "https://github.com/kbaseapps/DataFileUtil",
              "commit" : "df0bb6568008983c1daf6966cf8cebf54f0a0d80",
              "name" : "DataFileUtil",
              "ver" : "release"
            },
            {
              "code_url" : "https://github.com/kbaseapps/ReadsUtils",
              "commit" : "bb1a698cdf6514292bbcf4edfc35daf403fba0ea",
              "name" : "ReadsUtils",
              "ver" : "release"
            },
            {
              "code_url" : "https://github.com/kbaseapps/kb_ea_utils",
              "commit" : "c486d497f6f1faf34645f4de0fc001060088f142",
              "name" : "kb_ea_utils",
              "ver" : "release"
            }
          ],
          "time" : "2021-11-17T11:10:35+0000"
        }
      ],
      "refs" : [ ]
    }
  ]
}