{"base_percentages":{"A":22.5943,"C":27.5166,"G":27.4788,"N":0.0601,"T":22.35},"gc_content":0.549954,"insert_size_mean":null,"insert_size_std_dev":null,"interleaved":1,"lib1":{"encoding":"ascii","file":{"file_name":"49a417f8-461d-42c6-9e39-3296d7147230.inter.fastq.gz","hid":"KBH_5806603","id":"b106980a-0a54-4c27-84fe-6a15c781a57b","remote_md5":"817d23dd333642f89b331e1a96040db7","type":"shock","url":"https://kbase.us/services/shock-api"},"size":2899921823,"type":"fq"},"number_of_duplicates":21429,"phred_type":"33","qual_max":40.0,"qual_mean":37.8373,"qual_min":2.0,"qual_stdev":4.4447,"read_count":13628676,"read_length_mean":251.0,"read_length_stdev":0.0,"read_orientation_outward":0,"sequencing_tech":"Illumina","single_genome":0,"total_bases":3420797676}