{"base_percentages":{"A":25.2133,"C":24.5348,"G":24.6367,"N":0.0872,"T":25.528},"gc_content":0.491715,"insert_size_mean":null,"insert_size_std_dev":null,"interleaved":1,"lib1":{"encoding":"ascii","file":{"file_name":"92df1458-ce2a-432b-9830-7acf65ee23c2.inter.fastq.gz","hid":"KBH_5801723","id":"bf0ec574-ec4d-475a-b14d-31574babda08","remote_md5":"709d2e8c93c38ae8f9ad6006bff0e9c5","type":"shock","url":"https://kbase.us/services/shock-api"},"size":6789382911,"type":"fq"},"number_of_duplicates":90677,"phred_type":"33","qual_max":39.0,"qual_mean":35.234,"qual_min":2.0,"qual_stdev":5.468,"read_count":39903310,"read_length_mean":202.1622,"read_length_stdev":59.3831,"read_orientation_outward":0,"sequencing_tech":"Illumina","single_genome":0,"total_bases":8066942565}