{
  "metadata" : [
    [
      16,
      "SRR8075993",
      "KBaseFile.PairedEndLibrary-2.1",
      "2021-11-17T13:44:46+0000",
      1,
      "diogoc",
      103394,
      "diogoc:narrative_1637144432219",
      "cfe7a3d07c7e478c9612e6014375f9a1",
      768,
      {
        "gc_content" : "0.491715",
        "number_of_duplicates" : "90677",
        "phred_type" : "33",
        "qual_max" : "39.0",
        "qual_mean" : "35.234",
        "qual_min" : "2.0",
        "qual_stdev" : "5.468",
        "read_count" : "39903310",
        "read_length_mean" : "202.1622",
        "read_length_stdev" : "59.3831",
        "sequencing_tech" : "Illumina",
        "single_genome" : "0",
        "total_bases" : "8066942565"
      }
    ]
  ],
  "provenance" : [
    {
      "copy_source_inaccessible" : null,
      "created" : "2021-11-17T13:44:45+0000",
      "creator" : "diogoc",
      "extracted_ids" : null,
      "info" : [
        16,
        "SRR8075993",
        "KBaseFile.PairedEndLibrary-2.1",
        "2021-11-17T13:44:46+0000",
        1,
        "diogoc",
        103394,
        "diogoc:narrative_1637144432219",
        "cfe7a3d07c7e478c9612e6014375f9a1",
        768,
        {
          "gc_content" : "0.491715",
          "number_of_duplicates" : "90677",
          "phred_type" : "33",
          "qual_max" : "39.0",
          "qual_mean" : "35.234",
          "qual_min" : "2.0",
          "qual_stdev" : "5.468",
          "read_count" : "39903310",
          "read_length_mean" : "202.1622",
          "read_length_stdev" : "59.3831",
          "sequencing_tech" : "Illumina",
          "single_genome" : "0",
          "total_bases" : "8066942565"
        }
      ],
      "provenance" : [
        {
          "custom" : { },
          "description" : "KBase SDK method run via the KBase Execution Engine",
          "epoch" : 1637153395000,
          "external_data" : [ ],
          "input_ws_objects" : [ ],
          "method" : "import_sra_from_web",
          "method_params" : [
            {
              "download_type" : "Direct Download",
              "sra_urls_to_add" : [
                {
                  "file_url" : "https://sra-downloadb.be-md.ncbi.nlm.nih.gov/sos3/sra-pub-run-21/SRR8075993/SRR8075993.1",
                  "insert_size_mean" : null,
                  "insert_size_std_dev" : null,
                  "name" : "SRR8075993",
                  "read_orientation_outward" : 0,
                  "sequencing_tech" : "Illumina",
                  "single_genome" : 0
                }
              ],
              "workspace_name" : "diogoc:narrative_1637144432219"
            }
          ],
          "resolved_ws_objects" : [ ],
          "service" : "kb_uploadmethods",
          "service_ver" : "31e93066beb421a51b9c8e44b1201aa93aea0b4e",
          "subactions" : [
            {
              "code_url" : "https://github.com/kbaseapps/kb_uploadmethods",
              "commit" : "31e93066beb421a51b9c8e44b1201aa93aea0b4e",
              "name" : "kb_uploadmethods",
              "ver" : "31e93066beb421a51b9c8e44b1201aa93aea0b4e"
            },
            {
              "code_url" : "https://github.com/kbaseapps/DataFileUtil",
              "commit" : "df0bb6568008983c1daf6966cf8cebf54f0a0d80",
              "name" : "DataFileUtil",
              "ver" : "release"
            },
            {
              "code_url" : "https://github.com/kbaseapps/ReadsUtils",
              "commit" : "bb1a698cdf6514292bbcf4edfc35daf403fba0ea",
              "name" : "ReadsUtils",
              "ver" : "release"
            },
            {
              "code_url" : "https://github.com/kbaseapps/kb_ea_utils",
              "commit" : "c486d497f6f1faf34645f4de0fc001060088f142",
              "name" : "kb_ea_utils",
              "ver" : "release"
            }
          ],
          "time" : "2021-11-17T12:49:55+0000"
        }
      ],
      "refs" : [ ]
    }
  ]
}