{"base_percentages":{"A":20.9231,"C":29.1426,"G":29.3296,"N":0.0032,"T":20.6016},"gc_content":0.584722,"insert_size_mean":null,"insert_size_std_dev":null,"interleaved":1,"lib1":{"encoding":"ascii","file":{"file_name":"d52fee28-0136-447c-b17e-7ae8ee83966a.inter.fastq.gz","hid":"KBH_5803707","id":"cef8decc-c569-4950-8617-b61ad66e02a6","remote_md5":"9189451f02a1a120bf8a25718c4b2260","type":"shock","url":"https://kbase.us/services/shock-api"},"size":4297805671,"type":"fq"},"number_of_duplicates":354062,"phred_type":"33","qual_max":37.0,"qual_mean":36.325,"qual_min":2.0,"qual_stdev":3.5765,"read_count":55614748,"read_length_mean":151.0,"read_length_stdev":0.0,"read_orientation_outward":0,"sequencing_tech":"Illumina","single_genome":0,"total_bases":8397826948}