{"base_percentages":{"A":22.0548,"C":27.9362,"G":27.9412,"N":0.0053,"T":22.0626},"gc_content":0.558774,"insert_size_mean":null,"insert_size_std_dev":null,"interleaved":1,"lib1":{"encoding":"ascii","file":{"file_name":"d63eb08e-da5a-4fca-b646-14a4a1e8e1f9.inter.fastq.gz","hid":"KBH_5803813","id":"e5b5edfd-fe81-4543-bbca-73f70e744776","remote_md5":"d2a12eb982f3b8fa8efe7323037b6ecf","type":"shock","url":"https://kbase.us/services/shock-api"},"size":4357877661,"type":"fq"},"number_of_duplicates":170730,"phred_type":"33","qual_max":41.0,"qual_mean":37.7312,"qual_min":2.0,"qual_stdev":4.4769,"read_count":47870654,"read_length_mean":100.0,"read_length_stdev":0.0,"read_orientation_outward":0,"sequencing_tech":"Illumina","single_genome":0,"total_bases":4787065400}