{"base_percentages":{"A":20.954,"C":28.7372,"G":28.8629,"N":0.044,"T":21.4019},"gc_content":0.576001,"insert_size_mean":null,"insert_size_std_dev":null,"interleaved":1,"lib1":{"encoding":"ascii","file":{"file_name":"789500fb-3f0e-4227-be71-0266019f982d.inter.fastq.gz","hid":"KBH_5805067","id":"f8cbf3ca-4e2c-49a2-bdeb-78ba5ac0ab87","remote_md5":"974e17b1a963b521d98c0228841c6a90","type":"shock","url":"https://kbase.us/services/shock-api"},"size":9703485248,"type":"fq"},"number_of_duplicates":39022,"phred_type":"33","qual_max":40.0,"qual_mean":38.2835,"qual_min":2.0,"qual_stdev":3.4539,"read_count":55797692,"read_length_mean":223.5784,"read_length_stdev":51.3388,"read_orientation_outward":0,"sequencing_tech":"Illumina","single_genome":0,"total_bases":12475159304}