{"base_percentages":{"A":26.6782,"C":23.4221,"G":23.3622,"N":0.0043,"T":26.5331},"gc_content":0.467843,"insert_size_mean":null,"insert_size_std_dev":null,"interleaved":1,"lib1":{"encoding":"ascii","file":{"file_name":"43137be7-3f2c-4adb-8c27-c61b81ee1a25.inter.fastq.gz","hid":"KBH_5804548","id":"94dc8436-8039-42cb-9911-93a5a6b71d9d","remote_md5":"584ede813a3546f08dd8ed6d8988bfac","type":"shock","url":"https://kbase.us/services/shock-api"},"size":38383373718,"type":"fq"},"number_of_duplicates":3421362,"phred_type":"33","qual_max":41.0,"qual_mean":38.5887,"qual_min":2.0,"qual_stdev":5.3129,"read_count":403286044,"read_length_mean":150.0,"read_length_stdev":0.0,"read_orientation_outward":0,"sequencing_tech":"Illumina","single_genome":0,"total_bases":60492906600}