{"base_percentages":{"A":23.963,"C":25.8015,"G":25.8983,"N":0.0158,"T":24.3214},"gc_content":0.516998,"insert_size_mean":null,"insert_size_std_dev":null,"interleaved":1,"lib1":{"encoding":"ascii","file":{"file_name":"42e4eb37-d234-4e99-838f-8c51e4eaa609.inter.fastq.gz","hid":"KBH_5806479","id":"de105828-cb4b-4d5f-86f4-4a3c92960801","remote_md5":"e031f3bc731c5f3add6f541f16a0deba","type":"shock","url":"https://kbase.us/services/shock-api"},"size":34489494073,"type":"fq"},"number_of_duplicates":71216,"phred_type":"33","qual_max":40.0,"qual_mean":37.085,"qual_min":2.0,"qual_stdev":4.9855,"read_count":206564650,"read_length_mean":195.1301,"read_length_stdev":63.9248,"read_orientation_outward":0,"sequencing_tech":"Illumina","single_genome":0,"total_bases":40306972956}