{"base_percentages":{"A":21.9267,"C":28.037,"G":27.7184,"N":0.0182,"T":22.2997},"gc_content":0.557554,"insert_size_mean":null,"insert_size_std_dev":null,"interleaved":1,"lib1":{"encoding":"ascii","file":{"file_name":"5c3aa194-e21d-4114-9821-329238b918de.inter.fastq.gz","hid":"KBH_5800903","id":"5a262d95-25ba-46cc-a281-a92124e3dc30","remote_md5":"c7b899d882d97e1c51499134a339d62c","type":"shock","url":"https://kbase.us/services/shock-api"},"size":2094177225,"type":"fq"},"number_of_duplicates":712549,"phred_type":"33","qual_max":41.0,"qual_mean":38.5962,"qual_min":0.0,"qual_stdev":5.6594,"read_count":22662822,"read_length_mean":151.0,"read_length_stdev":0.0,"read_orientation_outward":0,"sequencing_tech":"Illumina","single_genome":0,"total_bases":3422086122}