{"base_percentages":{"A":20.0379,"C":29.7315,"G":30.7728,"N":0.0018,"T":19.456},"gc_content":0.605043,"insert_size_mean":null,"insert_size_std_dev":null,"interleaved":1,"lib1":{"encoding":"ascii","file":{"file_name":"e55649e0-5b57-4893-ba3b-5b9517a5964f.inter.fastq.gz","hid":"KBH_5805310","id":"c8828944-f967-401b-a2cf-a9925e66c263","remote_md5":"bab53b89288a46295a18bdb7c0a9fab7","type":"shock","url":"https://kbase.us/services/shock-api"},"size":45802730525,"type":"fq"},"number_of_duplicates":5156329,"phred_type":"33","qual_max":37.0,"qual_mean":35.9152,"qual_min":2.0,"qual_stdev":4.5822,"read_count":556564756,"read_length_mean":150.0,"read_length_stdev":0.0,"read_orientation_outward":0,"sequencing_tech":"Illumina","single_genome":0,"total_bases":83484713400}