{"base_percentages":{"A":21.3708,"C":28.5326,"G":28.2308,"N":0.1188,"T":21.747},"gc_content":0.567634,"insert_size_mean":null,"insert_size_std_dev":null,"interleaved":1,"lib1":{"encoding":"ascii","file":{"file_name":"b059551b-3183-4bfd-b608-18f8fe83f718.inter.fastq.gz","hid":"KBH_5800904","id":"aca45917-9b0e-4943-8b1e-dc9bb8ba0fa7","remote_md5":"cd7fa962d73b05b468539d13cb7d94c4","type":"shock","url":"https://kbase.us/services/shock-api"},"size":1958583541,"type":"fq"},"number_of_duplicates":675387,"phred_type":"33","qual_max":41.0,"qual_mean":38.3724,"qual_min":0.0,"qual_stdev":6.0297,"read_count":20315966,"read_length_mean":151.0,"read_length_stdev":0.0,"read_orientation_outward":0,"sequencing_tech":"Illumina","single_genome":0,"total_bases":3067710866}