{"base_percentages":{"A":23.6035,"C":26.596,"G":26.6276,"N":0.0039,"T":23.169},"gc_content":0.532236,"insert_size_mean":null,"insert_size_std_dev":null,"interleaved":1,"lib1":{"encoding":"ascii","file":{"file_name":"25cbf1dc-3b83-48fd-bb9b-e6c43848a6f6.inter.fastq.gz","hid":"KBH_5811909","id":"224819fa-ca73-4477-86d3-bd4225cd66f6","remote_md5":"e00997fea0d9cf3740645e5eaadb78d1","type":"shock","url":"https://kbase.us/services/shock-api"},"size":62553796723,"type":"fq"},"number_of_duplicates":9256448,"phred_type":"33","qual_max":37.0,"qual_mean":35.9196,"qual_min":2.0,"qual_stdev":4.4661,"read_count":741557880,"read_length_mean":150.0,"read_length_stdev":0.0,"read_orientation_outward":0,"sequencing_tech":"Illumina","single_genome":0,"total_bases":111233682000}