{"base_percentages":{"A":25.3579,"C":24.3239,"G":24.5263,"N":0.0454,"T":25.7464},"gc_content":0.488502,"insert_size_mean":null,"insert_size_std_dev":null,"interleaved":1,"lib1":{"encoding":"ascii","file":{"file_name":"54039934-98a8-45f5-afcb-91787eb6337f.inter.fastq.gz","hid":"KBH_5805300","id":"8d88b210-e942-49e5-bd1c-f63136697415","remote_md5":"2eb3bbb2c61d09d20e9bd16685d7feda","type":"shock","url":"https://kbase.us/services/shock-api"},"size":10980913655,"type":"fq"},"number_of_duplicates":235257,"phred_type":"33","qual_max":40.0,"qual_mean":37.6873,"qual_min":2.0,"qual_stdev":4.3087,"read_count":63918988,"read_length_mean":208.2164,"read_length_stdev":65.4544,"read_orientation_outward":0,"sequencing_tech":"Illumina","single_genome":0,"total_bases":13308979992}