{"base_percentages":{"A":26.4004,"C":23.2283,"G":23.4483,"N":0.1261,"T":26.7969},"gc_content":0.466766,"insert_size_mean":null,"insert_size_std_dev":null,"interleaved":1,"lib1":{"encoding":"ascii","file":{"file_name":"6257a283-46ad-41fb-9e97-c62e45c38680.inter.fastq.gz","hid":"KBH_5800700","id":"3bd61c80-5cad-4821-a303-07ae5b138535","remote_md5":"8df2815897bbd43dc0e4bcd6dfe8dd5e","type":"shock","url":"https://kbase.us/services/shock-api"},"size":3179228774,"type":"fq"},"number_of_duplicates":252742,"phred_type":"33","qual_max":40.0,"qual_mean":38.5073,"qual_min":2.0,"qual_stdev":3.9711,"read_count":37008680,"read_length_mean":138.4344,"read_length_stdev":25.3015,"read_orientation_outward":0,"sequencing_tech":"Illumina","single_genome":0,"total_bases":5123273692}