{"base_percentages":{"A":25.1782,"C":24.6266,"G":24.428,"N":0.0307,"T":25.7366},"gc_content":0.490546,"insert_size_mean":null,"insert_size_std_dev":null,"interleaved":1,"lib1":{"encoding":"ascii","file":{"file_name":"d1b27ed6-8b43-4017-8721-32a4c4a1dd9c.inter.fastq.gz","hid":"KBH_5800656","id":"5969954b-d092-4a83-8fe4-86ba9f19173d","remote_md5":"ffc08cf28d35e37fef673f8ab423868c","type":"shock","url":"https://kbase.us/services/shock-api"},"size":1888891522,"type":"fq"},"number_of_duplicates":296557,"phred_type":"33","qual_max":41.0,"qual_mean":37.8335,"qual_min":0.0,"qual_stdev":6.6976,"read_count":18567990,"read_length_mean":151.0,"read_length_stdev":0.0,"read_orientation_outward":0,"sequencing_tech":"Illumina","single_genome":0,"total_bases":2803766490}