{"base_percentages":{"A":24.1495,"C":25.5923,"G":25.7294,"N":0.0049,"T":24.5238},"gc_content":0.513217,"insert_size_mean":null,"insert_size_std_dev":null,"interleaved":1,"lib1":{"encoding":"ascii","file":{"file_name":"213063aa-b072-4bc0-874f-23d516ce1f3c.inter.fastq.gz","hid":"KBH_5803595","id":"34bf9f12-b739-4c1a-a596-7723950d1625","remote_md5":"ac470b60a4be6838ee5d1eaea43ae749","type":"shock","url":"https://kbase.us/services/shock-api"},"size":3365364969,"type":"fq"},"number_of_duplicates":143243,"phred_type":"33","qual_max":40.0,"qual_mean":38.6285,"qual_min":2.0,"qual_stdev":3.5171,"read_count":22764738,"read_length_mean":224.3198,"read_length_stdev":47.993,"read_orientation_outward":0,"sequencing_tech":"Illumina","single_genome":0,"total_bases":5106582115}