{"base_percentages":{"A":23.5766,"C":26.5334,"G":26.9273,"N":0.0386,"T":22.9242},"gc_content":0.534607,"insert_size_mean":null,"insert_size_std_dev":null,"interleaved":1,"lib1":{"encoding":"ascii","file":{"file_name":"0f89635d-b884-425c-a770-37c429c301e8.inter.fastq.gz","hid":"KBH_5805404","id":"4c81dcca-e07e-4d39-88bb-4019598c223e","remote_md5":"575033fa74fa7482a4b915cc3781e39d","type":"shock","url":"https://kbase.us/services/shock-api"},"size":51277528273,"type":"fq"},"number_of_duplicates":1993895,"phred_type":"33","qual_max":41.0,"qual_mean":38.7806,"qual_min":2.0,"qual_stdev":5.0861,"read_count":568594310,"read_length_mean":150.0,"read_length_stdev":0.0,"read_orientation_outward":0,"sequencing_tech":"Illumina","single_genome":0,"total_bases":85289146500}