{"base_percentages":{"A":22.3206,"C":27.4499,"G":27.5254,"N":0.0142,"T":22.6899},"gc_content":0.549753,"insert_size_mean":null,"insert_size_std_dev":null,"interleaved":1,"lib1":{"encoding":"ascii","file":{"file_name":"38c7359f-c60c-4739-b376-f01cf23095d8.inter.fastq.gz","hid":"KBH_5804708","id":"dc6d1a3e-c2fc-42af-8cc9-2c0392eb0bc5","remote_md5":"2217ec02358c58470b233b8ecb17a4cb","type":"shock","url":"https://kbase.us/services/shock-api"},"size":8230176823,"type":"fq"},"number_of_duplicates":24576,"phred_type":"33","qual_max":40.0,"qual_mean":37.2288,"qual_min":2.0,"qual_stdev":4.8372,"read_count":45787540,"read_length_mean":213.3879,"read_length_stdev":55.993,"read_orientation_outward":0,"sequencing_tech":"Illumina","single_genome":0,"total_bases":9770508589}