{"base_percentages":{"A":20.2937,"C":29.8474,"G":29.819,"N":0.0752,"T":19.9647},"gc_content":0.596664,"insert_size_mean":null,"insert_size_std_dev":null,"interleaved":1,"lib1":{"encoding":"ascii","file":{"file_name":"5c05ee7a-6378-4265-8b82-f3e71c9a08df.inter.fastq.gz","hid":"KBH_5800987","id":"d3ed424a-1018-4c37-af0d-dc45c2abb9f2","remote_md5":"3c7babe56e00cf67c1bafccaf095c635","type":"shock","url":"https://kbase.us/services/shock-api"},"size":3508346853,"type":"fq"},"number_of_duplicates":108998,"phred_type":"33","qual_max":36.0,"qual_mean":34.3266,"qual_min":2.0,"qual_stdev":4.4892,"read_count":35988250,"read_length_mean":151.0,"read_length_stdev":0.0,"read_orientation_outward":0,"sequencing_tech":"Illumina","single_genome":0,"total_bases":5434225750}