{"base_percentages":{"A":26.2162,"C":23.5385,"G":23.4702,"N":0.035,"T":26.74},"gc_content":0.470087,"insert_size_mean":null,"insert_size_std_dev":null,"interleaved":1,"lib1":{"encoding":"ascii","file":{"file_name":"55e7cb23-be59-413f-a125-3eb6754fcced.inter.fastq.gz","hid":"KBH_5800795","id":"720d2f0e-f27b-42d7-be54-ff748949534e","remote_md5":"a6e56dbc569f22d3f03004ab800f84dd","type":"shock","url":"https://kbase.us/services/shock-api"},"size":521771083,"type":"fq"},"number_of_duplicates":98005,"phred_type":"33","qual_max":38.0,"qual_mean":36.561,"qual_min":2.0,"qual_stdev":3.6113,"read_count":2905240,"read_length_mean":226.3613,"read_length_stdev":44.6007,"read_orientation_outward":0,"sequencing_tech":"Illumina","single_genome":0,"total_bases":657633773}