{"base_percentages":{"A":23.8446,"C":25.4632,"G":25.9928,"N":0.5908,"T":24.1087},"gc_content":0.51456,"insert_size_mean":null,"insert_size_std_dev":null,"interleaved":1,"lib1":{"encoding":"ascii","file":{"file_name":"0550c576-43ec-4a2b-b334-8c2a93a3adc5.inter.fastq.gz","hid":"KBH_5800946","id":"185bcde7-2fe9-47c7-9830-ab55de760a4e","remote_md5":"0456a9c5374ef5d0a0a9f0a7540a6cd0","type":"shock","url":"https://kbase.us/services/shock-api"},"size":2525562487,"type":"fq"},"number_of_duplicates":758264,"phred_type":"33","qual_max":36.0,"qual_mean":33.9236,"qual_min":2.0,"qual_stdev":5.0551,"read_count":27024752,"read_length_mean":143.6782,"read_length_stdev":21.8083,"read_orientation_outward":0,"sequencing_tech":"Illumina","single_genome":0,"total_bases":3882868660}