{"base_percentages":{"A":25.742,"C":24.6176,"G":24.4875,"N":0.002,"T":25.1509},"gc_content":0.491051,"insert_size_mean":null,"insert_size_std_dev":null,"interleaved":1,"lib1":{"encoding":"ascii","file":{"file_name":"4b2cc025-e3b6-46df-acd9-d8f1cfd7f06c.inter.fastq.gz","hid":"KBH_5801906","id":"bbfb259c-ed19-4472-9318-a8b1a2e0af0a","remote_md5":"7d97529bfc4bf91069af1feb56d0301b","type":"shock","url":"https://kbase.us/services/shock-api"},"size":7759120061,"type":"fq"},"number_of_duplicates":386057,"phred_type":"33","qual_max":37.0,"qual_mean":36.096,"qual_min":2.0,"qual_stdev":4.0683,"read_count":96303928,"read_length_mean":150.0,"read_length_stdev":0.0,"read_orientation_outward":0,"sequencing_tech":"Illumina","single_genome":0,"total_bases":14445589200}