{"base_percentages":{"A":25.7752,"C":24.411,"G":24.058,"N":0.0648,"T":25.691},"gc_content":0.48469,"insert_size_mean":null,"insert_size_std_dev":null,"interleaved":1,"lib1":{"encoding":"ascii","file":{"file_name":"7e5451b5-9054-480b-b056-a3a715b62b18.inter.fastq.gz","hid":"KBH_5803412","id":"f223057f-6b67-4859-94c6-0e46d3c65f76","remote_md5":"552e4aae0b842a6673f6b9f2092d3efc","type":"shock","url":"https://kbase.us/services/shock-api"},"size":20888933167,"type":"fq"},"number_of_duplicates":118338,"phred_type":"33","qual_max":40.0,"qual_mean":37.3495,"qual_min":2.0,"qual_stdev":4.9375,"read_count":128198488,"read_length_mean":200.5872,"read_length_stdev":56.5013,"read_orientation_outward":0,"sequencing_tech":"Illumina","single_genome":0,"total_bases":25714977442}