{"base_percentages":{"A":22.1515,"C":28.1805,"G":27.9688,"N":0.0206,"T":21.6785},"gc_content":0.561493,"insert_size_mean":null,"insert_size_std_dev":null,"interleaved":1,"lib1":{"encoding":"ascii","file":{"file_name":"d5c6e66f-b777-4f99-847e-76bbaef6b0a8.inter.fastq.gz","hid":"KBH_5804997","id":"46ae5de9-1053-4e4f-95df-3e4e67bdedff","remote_md5":"ce34baacf77f2c4c8104aaf579ed967b","type":"shock","url":"https://kbase.us/services/shock-api"},"size":9786164378,"type":"fq"},"number_of_duplicates":526408,"phred_type":"33","qual_max":41.0,"qual_mean":38.535,"qual_min":2.0,"qual_stdev":5.3521,"read_count":101675980,"read_length_mean":150.0,"read_length_stdev":0.0,"read_orientation_outward":0,"sequencing_tech":"Illumina","single_genome":0,"total_bases":15251397000}