{"base_percentages":{"A":22.6493,"C":27.2414,"G":27.313,"N":0.0012,"T":22.7951},"gc_content":0.545544,"insert_size_mean":null,"insert_size_std_dev":null,"interleaved":1,"lib1":{"encoding":"ascii","file":{"file_name":"3fd21720-7f97-4b48-94f2-294a53846ef7.inter.fastq.gz","hid":"KBH_5804225","id":"c8f95e38-59c4-4446-a538-4429af5e7c87","remote_md5":"8a84f5010691f629f054f4a71fcbe385","type":"shock","url":"https://kbase.us/services/shock-api"},"size":7498490219,"type":"fq"},"number_of_duplicates":545103,"phred_type":"33","qual_max":37.0,"qual_mean":36.054,"qual_min":2.0,"qual_stdev":4.2147,"read_count":92853576,"read_length_mean":150.5871,"read_length_stdev":0.7541,"read_orientation_outward":0,"sequencing_tech":"Illumina","single_genome":0,"total_bases":13982547512}