{"base_percentages":{"A":24.5086,"C":25.2655,"G":25.342,"N":0.0139,"T":24.87},"gc_content":0.506075,"insert_size_mean":null,"insert_size_std_dev":null,"interleaved":1,"lib1":{"encoding":"ascii","file":{"file_name":"0e76faee-9d52-4161-9813-13977cf22791.inter.fastq.gz","hid":"KBH_5805362","id":"bdef1a69-42a7-489a-bcf1-7c9a5917f5b8","remote_md5":"d856a5c607ce7a1ff3c6c7535041fe07","type":"shock","url":"https://kbase.us/services/shock-api"},"size":12517722258,"type":"fq"},"number_of_duplicates":177471,"phred_type":"33","qual_max":40.0,"qual_mean":37.7579,"qual_min":2.0,"qual_stdev":4.1381,"read_count":76346464,"read_length_mean":197.0969,"read_length_stdev":61.445,"read_orientation_outward":0,"sequencing_tech":"Illumina","single_genome":0,"total_bases":15047648740}