{"base_percentages":{"A":26.6642,"C":23.328,"G":23.5821,"N":0.1191,"T":26.3066},"gc_content":0.469101,"insert_size_mean":null,"insert_size_std_dev":null,"interleaved":1,"lib1":{"encoding":"ascii","file":{"file_name":"1fa00ef4-56c5-42bd-86aa-e4c07ef61225.inter.fastq.gz","hid":"KBH_5800912","id":"908b359a-6271-4c2a-872a-9ee1f66d1d00","remote_md5":"be38f86679c90d47e2028b5e235e5a15","type":"shock","url":"https://kbase.us/services/shock-api"},"size":2648579838,"type":"fq"},"number_of_duplicates":27061,"phred_type":"33","qual_max":41.0,"qual_mean":37.664,"qual_min":2.0,"qual_stdev":4.8196,"read_count":27889454,"read_length_mean":101.0,"read_length_stdev":0.0,"read_orientation_outward":0,"sequencing_tech":"Illumina","single_genome":0,"total_bases":2816834854}