{"base_percentages":{"A":23.1838,"C":26.8889,"G":26.8237,"N":0.0459,"T":23.0577},"gc_content":0.537126,"insert_size_mean":null,"insert_size_std_dev":null,"interleaved":1,"lib1":{"encoding":"ascii","file":{"file_name":"c9c1dd10-8726-46ac-b81b-6d994a97ab93.inter.fastq.gz","hid":"KBH_5805281","id":"88b2f226-cb09-4217-b63e-a86ea8b12f22","remote_md5":"0a7e4196c53db972909a91290353bc59","type":"shock","url":"https://kbase.us/services/shock-api"},"size":10777176357,"type":"fq"},"number_of_duplicates":1114139,"phred_type":"33","qual_max":41.0,"qual_mean":38.0855,"qual_min":2.0,"qual_stdev":6.0663,"read_count":106525534,"read_length_mean":149.4228,"read_length_stdev":3.5953,"read_orientation_outward":0,"sequencing_tech":"Illumina","single_genome":0,"total_bases":15917347196}