{"base_percentages":{"A":27.0119,"C":23.1395,"G":23.1295,"N":6.0E-4,"T":26.7185},"gc_content":0.46269000000000005,"insert_size_mean":null,"insert_size_std_dev":null,"interleaved":1,"lib1":{"encoding":"ascii","file":{"file_name":"fe3e406c-01c8-41ca-acd6-baedfebc8855.inter.fastq.gz","hid":"KBH_5801561","id":"32bfa309-60d7-4437-8960-b39b10877d20","remote_md5":"25abdb7a9683ba6005fbaaf1864aa3bd","type":"shock","url":"https://kbase.us/services/shock-api"},"size":2103112522,"type":"fq"},"number_of_duplicates":48952,"phred_type":"33","qual_max":38.0,"qual_mean":36.1087,"qual_min":2.0,"qual_stdev":4.3284,"read_count":8172260,"read_length_mean":300.3299,"read_length_stdev":3.3616,"read_orientation_outward":0,"sequencing_tech":"Illumina","single_genome":0,"total_bases":2454374229}