{"base_percentages":{"A":19.6145,"C":30.4904,"G":30.4135,"N":0.0458,"T":19.4358},"gc_content":0.609039,"insert_size_mean":null,"insert_size_std_dev":null,"interleaved":1,"lib1":{"encoding":"ascii","file":{"file_name":"35b30f78-8509-4b13-bc57-9d23e0c21d5e.inter.fastq.gz","hid":"KBH_5805059","id":"d545d856-9650-41b0-8f48-834917dbe1ce","remote_md5":"2415151242d448a1c061004700026e64","type":"shock","url":"https://kbase.us/services/shock-api"},"size":10251855189,"type":"fq"},"number_of_duplicates":305140,"phred_type":"33","qual_max":41.0,"qual_mean":37.8807,"qual_min":2.0,"qual_stdev":6.2763,"read_count":100101370,"read_length_mean":149.5142,"read_length_stdev":3.1478,"read_orientation_outward":0,"sequencing_tech":"Illumina","single_genome":0,"total_bases":14966580509}