{"base_percentages":{"A":19.4424,"C":30.6771,"G":30.6042,"N":0.0123,"T":19.264},"gc_content":0.612813,"insert_size_mean":null,"insert_size_std_dev":null,"interleaved":1,"lib1":{"encoding":"ascii","file":{"file_name":"25fe1d53-bab4-48f1-9e24-281984f84ab8.inter.fastq.gz","hid":"KBH_5804001","id":"15d1f032-5d4c-40a1-8181-ad409a29eeee","remote_md5":"7a2f104354a00120f0bb697afc07b545","type":"shock","url":"https://kbase.us/services/shock-api"},"size":152751394,"type":"fq"},"number_of_duplicates":230554,"phred_type":"33","qual_max":41.0,"qual_mean":38.1869,"qual_min":2.0,"qual_stdev":5.8368,"read_count":1467906,"read_length_mean":149.5058,"read_length_stdev":3.2938,"read_orientation_outward":0,"sequencing_tech":"Illumina","single_genome":0,"total_bases":219460527}