{"base_percentages":{"A":22.1393,"C":27.6778,"G":27.5698,"N":0.2236,"T":22.3895},"gc_content":0.5524760000000001,"insert_size_mean":null,"insert_size_std_dev":null,"interleaved":1,"lib1":{"encoding":"ascii","file":{"file_name":"20614a52-cf16-4d38-afc1-87f4b8a2729b.inter.fastq.gz","hid":"KBH_5801649","id":"83cf7394-9aa9-4a5f-875d-b321bf232d1f","remote_md5":"1fb00c9814a83a68dd2cb83f1fa81437","type":"shock","url":"https://kbase.us/services/shock-api"},"size":6363580525,"type":"fq"},"number_of_duplicates":276163,"phred_type":"33","qual_max":41.0,"qual_mean":35.0745,"qual_min":2.0,"qual_stdev":9.3002,"read_count":52218732,"read_length_mean":150.0,"read_length_stdev":0.0,"read_orientation_outward":0,"sequencing_tech":"Illumina","single_genome":0,"total_bases":7832809800}