{"base_percentages":{"A":23.3284,"C":26.8586,"G":26.5772,"N":8.0E-4,"T":23.235},"gc_content":0.534358,"insert_size_mean":null,"insert_size_std_dev":null,"interleaved":1,"lib1":{"encoding":"ascii","file":{"file_name":"efaa0a64-c2f1-4cef-bbb2-593134a6896d.inter.fastq.gz","hid":"KBH_5800814","id":"c7d4719d-3c97-42d1-9123-759b46171dca","remote_md5":"2f1cbe7f2eea89caca81f9846c6088af","type":"shock","url":"https://kbase.us/services/shock-api"},"size":1408478865,"type":"fq"},"number_of_duplicates":40175,"phred_type":"33","qual_max":36.0,"qual_mean":34.9947,"qual_min":0.0,"qual_stdev":2.8042,"read_count":20110778,"read_length_mean":106.7251,"read_length_stdev":35.8306,"read_orientation_outward":0,"sequencing_tech":"Illumina","single_genome":0,"total_bases":2146324363}