{"base_percentages":{"A":25.983,"C":23.7377,"G":23.876,"N":0.0068,"T":26.3965},"gc_content":0.47613700000000003,"insert_size_mean":null,"insert_size_std_dev":null,"interleaved":1,"lib1":{"encoding":"ascii","file":{"file_name":"c4f21865-2772-48be-8ea4-ba74348b03bf.inter.fastq.gz","hid":"KBH_5803705","id":"a8797ab3-64b0-4f3c-b31d-6da58e0d90c4","remote_md5":"e2b48ab3479f1274ea15678c166190f6","type":"shock","url":"https://kbase.us/services/shock-api"},"size":3660483183,"type":"fq"},"number_of_duplicates":179722,"phred_type":"33","qual_max":40.0,"qual_mean":38.6689,"qual_min":2.0,"qual_stdev":3.3199,"read_count":27404044,"read_length_mean":199.9009,"read_length_stdev":61.8401,"read_orientation_outward":0,"sequencing_tech":"Illumina","single_genome":0,"total_bases":5478094227}