{"base_percentages":{"A":23.6843,"C":26.073,"G":26.1688,"N":0.0669,"T":24.007},"gc_content":0.5224179999999999,"insert_size_mean":null,"insert_size_std_dev":null,"interleaved":1,"lib1":{"encoding":"ascii","file":{"file_name":"71a33ea2-a6ee-4d9b-ad32-2ea744632257.inter.fastq.gz","hid":"KBH_5800612","id":"c1d0ca74-5461-4c19-9c24-09dabebd6dc1","remote_md5":"b82cc4ed38336b15e0f1218b6344150e","type":"shock","url":"https://kbase.us/services/shock-api"},"size":411368237,"type":"fq"},"number_of_duplicates":64355,"phred_type":"33","qual_max":38.0,"qual_mean":36.531,"qual_min":2.0,"qual_stdev":3.6838,"read_count":2394602,"read_length_mean":217.908,"read_length_stdev":50.5227,"read_orientation_outward":0,"sequencing_tech":"Illumina","single_genome":0,"total_bases":521802898}