{"base_percentages":{"A":24.2517,"C":25.8525,"G":25.6827,"N":0.0203,"T":24.1927},"gc_content":0.515352,"insert_size_mean":null,"insert_size_std_dev":null,"interleaved":1,"lib1":{"encoding":"ascii","file":{"file_name":"96b79972-2ad0-46be-8ac2-824c1b9d950d.inter.fastq.gz","hid":"KBH_5803269","id":"8dab8f96-311c-4820-b1a5-bb98b7ae51d6","remote_md5":"b513b552e259bc700508aaca4542cdad","type":"shock","url":"https://kbase.us/services/shock-api"},"size":17997097519,"type":"fq"},"number_of_duplicates":479763,"phred_type":"33","qual_max":41.0,"qual_mean":38.8684,"qual_min":2.0,"qual_stdev":4.7913,"read_count":195746714,"read_length_mean":150.0,"read_length_stdev":0.0,"read_orientation_outward":0,"sequencing_tech":"Illumina","single_genome":0,"total_bases":29362007100}