{"base_percentages":{"A":26.609,"C":23.0644,"G":23.2291,"N":0.0168,"T":27.0808},"gc_content":0.46293499999999993,"insert_size_mean":null,"insert_size_std_dev":null,"interleaved":1,"lib1":{"encoding":"ascii","file":{"file_name":"632fda00-eb49-4c95-bf9a-886e5e2949fb.inter.fastq.gz","hid":"KBH_5804434","id":"5805446e-de5a-43a1-92bb-825a1d4cb27b","remote_md5":"967155033a61acb2b15dfad11adf179b","type":"shock","url":"https://kbase.us/services/shock-api"},"size":7218524436,"type":"fq"},"number_of_duplicates":288343,"phred_type":"33","qual_max":40.0,"qual_mean":38.1005,"qual_min":2.0,"qual_stdev":3.6609,"read_count":44320206,"read_length_mean":200.2912,"read_length_stdev":62.5866,"read_orientation_outward":0,"sequencing_tech":"Illumina","single_genome":0,"total_bases":8876946058}