{"base_percentages":{"A":19.9427,"C":29.6193,"G":30.1562,"N":0.851,"T":19.4308},"gc_content":0.5977549999999999,"insert_size_mean":null,"insert_size_std_dev":null,"interleaved":1,"lib1":{"encoding":"ascii","file":{"file_name":"3c219187-65e2-49a6-a2c2-c3bdd3e397fd.inter.fastq.gz","hid":"KBH_5800848","id":"79b3d3ce-d7ee-46d1-bb9c-5972493d31a9","remote_md5":"87b25322c9e21eebe7a39f1823630757","type":"shock","url":"https://kbase.us/services/shock-api"},"size":2193521877,"type":"fq"},"number_of_duplicates":366137,"phred_type":"33","qual_max":36.0,"qual_mean":34.2446,"qual_min":2.0,"qual_stdev":5.0585,"read_count":24927576,"read_length_mean":145.2425,"read_length_stdev":19.4353,"read_orientation_outward":0,"sequencing_tech":"Illumina","single_genome":0,"total_bases":3620543164}