{"base_percentages":{"A":24.4004,"C":25.3951,"G":25.1779,"N":0.3777,"T":24.6489},"gc_content":0.50573,"insert_size_mean":null,"insert_size_std_dev":null,"interleaved":1,"lib1":{"encoding":"ascii","file":{"file_name":"955ea820-57b3-4f45-8231-9e3b84a11b96.inter.fastq.gz","hid":"KBH_5801790","id":"b25a96f9-06e8-409f-97a8-6c3c20f5163a","remote_md5":"b548fed6e826590ee9376e2e99f6dcd4","type":"shock","url":"https://kbase.us/services/shock-api"},"size":8242688406,"type":"fq"},"number_of_duplicates":215865,"phred_type":"33","qual_max":40.0,"qual_mean":35.6218,"qual_min":2.0,"qual_stdev":6.0929,"read_count":83790046,"read_length_mean":137.5775,"read_length_stdev":25.8824,"read_orientation_outward":0,"sequencing_tech":"Illumina","single_genome":0,"total_bases":11527627350}