{"base_percentages":{"A":19.1819,"C":30.9556,"G":30.831,"N":0.0165,"T":19.015},"gc_content":0.617866,"insert_size_mean":null,"insert_size_std_dev":null,"interleaved":1,"lib1":{"encoding":"ascii","file":{"file_name":"d75d212b-297d-4c3a-84a5-b5c73598964f.inter.fastq.gz","hid":"KBH_5804879","id":"b5991667-cdef-4453-bd58-8aaf4a8fe6c9","remote_md5":"ab1f9c63bdd849c6c8841136a412684b","type":"shock","url":"https://kbase.us/services/shock-api"},"size":9454551879,"type":"fq"},"number_of_duplicates":327725,"phred_type":"33","qual_max":41.0,"qual_mean":38.576,"qual_min":2.0,"qual_stdev":5.286,"read_count":96491226,"read_length_mean":149.4822,"read_length_stdev":3.3176,"read_orientation_outward":0,"sequencing_tech":"Illumina","single_genome":0,"total_bases":14423724020}