{"base_percentages":{"A":24.6251,"C":25.2339,"G":25.1175,"N":0.0365,"T":24.9869},"gc_content":0.503514,"insert_size_mean":null,"insert_size_std_dev":null,"interleaved":1,"lib1":{"encoding":"ascii","file":{"file_name":"0628e85b-067e-4de6-99e8-fb66ca1de08f.inter.fastq.gz","hid":"KBH_5804428","id":"070e4c01-595b-48a4-978e-bbd2cc89792e","remote_md5":"9c0446ad56886157824d92766ae1fd7b","type":"shock","url":"https://kbase.us/services/shock-api"},"size":7231209209,"type":"fq"},"number_of_duplicates":94263,"phred_type":"33","qual_max":38.0,"qual_mean":34.3102,"qual_min":2.0,"qual_stdev":6.53,"read_count":31505234,"read_length_mean":245.791,"read_length_stdev":66.3295,"read_orientation_outward":0,"sequencing_tech":"Illumina","single_genome":0,"total_bases":7743703295}