{"base_percentages":{"A":27.2408,"C":22.6895,"G":23.0269,"N":0.1195,"T":26.9234},"gc_content":0.457164,"insert_size_mean":null,"insert_size_std_dev":null,"interleaved":1,"lib1":{"encoding":"ascii","file":{"file_name":"e3d4d166-6d22-41ca-a4dd-03fb0129910c.inter.fastq.gz","hid":"KBH_5800941","id":"4c463f6c-b446-415d-a063-b8ac450037ad","remote_md5":"75bbda05b5b812efa08dc0e3698f979e","type":"shock","url":"https://kbase.us/services/shock-api"},"size":2825782144,"type":"fq"},"number_of_duplicates":135241,"phred_type":"33","qual_max":41.0,"qual_mean":37.6334,"qual_min":2.0,"qual_stdev":5.0171,"read_count":29839314,"read_length_mean":101.0,"read_length_stdev":0.0,"read_orientation_outward":0,"sequencing_tech":"Illumina","single_genome":0,"total_bases":3013770714}