{"base_percentages":{"A":21.2206,"C":28.6978,"G":29.1708,"N":9.0E-4,"T":20.91},"gc_content":0.578686,"insert_size_mean":null,"insert_size_std_dev":null,"interleaved":1,"lib1":{"encoding":"ascii","file":{"file_name":"62d99394-df66-41d1-9b45-b6119366303e.inter.fastq.gz","hid":"KBH_5803811","id":"7e8cb7dd-ffb6-4c73-bd84-683459712f7a","remote_md5":"c102dd2c6228f4db95a8d5d348a66428","type":"shock","url":"https://kbase.us/services/shock-api"},"size":4833624693,"type":"fq"},"number_of_duplicates":683608,"phred_type":"33","qual_max":37.0,"qual_mean":36.2721,"qual_min":2.0,"qual_stdev":3.6966,"read_count":62539492,"read_length_mean":151.0,"read_length_stdev":0.0,"read_orientation_outward":0,"sequencing_tech":"Illumina","single_genome":0,"total_bases":9443463292}