{"base_percentages":{"A":25.1707,"C":24.4888,"G":24.1609,"N":0.5738,"T":25.6058},"gc_content":0.486497,"insert_size_mean":null,"insert_size_std_dev":null,"interleaved":1,"lib1":{"encoding":"ascii","file":{"file_name":"c88243fc-021b-4699-a49b-37a1942e9a41.inter.fastq.gz","hid":"KBH_5800865","id":"819604c1-ee45-4803-bf77-5da98dcb5adc","remote_md5":"d90f0ef9ebff0d78cf3633c2b09233f7","type":"shock","url":"https://kbase.us/services/shock-api"},"size":5760896663,"type":"fq"},"number_of_duplicates":616179,"phred_type":"33","qual_max":36.0,"qual_mean":33.8124,"qual_min":2.0,"qual_stdev":5.4874,"read_count":62328892,"read_length_mean":133.9438,"read_length_stdev":32.6583,"read_orientation_outward":0,"sequencing_tech":"Illumina","single_genome":0,"total_bases":8348566669}