{"base_percentages":{"A":26.3137,"C":23.7247,"G":23.9492,"N":0.0588,"T":25.9537},"gc_content":0.476739,"insert_size_mean":null,"insert_size_std_dev":null,"interleaved":1,"lib1":{"encoding":"ascii","file":{"file_name":"e6b90098-4f05-44bb-92a2-b20055183c52.inter.fastq.gz","hid":"KBH_5801575","id":"a38ec709-0cad-4059-ab75-f89202966b2e","remote_md5":"4fb1acd1c32106aadde47f0dd67e8794","type":"shock","url":"https://kbase.us/services/shock-api"},"size":2748856501,"type":"fq"},"number_of_duplicates":21259,"phred_type":"33","qual_max":41.0,"qual_mean":37.9833,"qual_min":2.0,"qual_stdev":4.0644,"read_count":29401180,"read_length_mean":101.0,"read_length_stdev":0.0,"read_orientation_outward":0,"sequencing_tech":"Illumina","single_genome":0,"total_bases":2969519180}