{"base_percentages":{"A":26.3122,"C":23.7789,"G":23.9722,"N":0.0655,"T":25.8713},"gc_content":0.477511,"insert_size_mean":null,"insert_size_std_dev":null,"interleaved":1,"lib1":{"encoding":"ascii","file":{"file_name":"f1366590-0ffb-46e8-938d-6701c6db1bea.inter.fastq.gz","hid":"KBH_5800934","id":"5d764af3-8ade-4540-895a-58e339638838","remote_md5":"2be9002aa54fe56cf75533804c1866e4","type":"shock","url":"https://kbase.us/services/shock-api"},"size":2862441135,"type":"fq"},"number_of_duplicates":46663,"phred_type":"33","qual_max":41.0,"qual_mean":38.1196,"qual_min":2.0,"qual_stdev":3.9272,"read_count":31155086,"read_length_mean":101.0,"read_length_stdev":0.0,"read_orientation_outward":0,"sequencing_tech":"Illumina","single_genome":0,"total_bases":3146663686}