{"base_percentages":{"A":25.1936,"C":24.8694,"G":24.9265,"N":0.0733,"T":24.9372},"gc_content":0.49795900000000004,"insert_size_mean":null,"insert_size_std_dev":null,"interleaved":1,"lib1":{"encoding":"ascii","file":{"file_name":"b7e9e65f-c0ea-4227-9ebd-88092a48458f.inter.fastq.gz","hid":"KBH_5800913","id":"76055ba9-5d02-4096-bfc1-bddaf205f70f","remote_md5":"197df891f5fdd913adfcf594f4a22ae3","type":"shock","url":"https://kbase.us/services/shock-api"},"size":2652285205,"type":"fq"},"number_of_duplicates":245702,"phred_type":"33","qual_max":41.0,"qual_mean":38.2943,"qual_min":2.0,"qual_stdev":4.6027,"read_count":31723714,"read_length_mean":101.0,"read_length_stdev":0.0,"read_orientation_outward":0,"sequencing_tech":"Illumina","single_genome":0,"total_bases":3204095114}