{"base_percentages":{"A":24.4514,"C":25.5166,"G":24.7861,"N":0.433,"T":24.813},"gc_content":0.503027,"insert_size_mean":null,"insert_size_std_dev":null,"interleaved":1,"lib1":{"encoding":"ascii","file":{"file_name":"856b19b3-cfc3-4299-8607-00579a8b5d89.inter.fastq.gz","hid":"KBH_5800758","id":"57520214-0441-4481-a993-13ca1e4aaf6a","remote_md5":"7ed721d6a07ee62ca7e2a76bfa224d71","type":"shock","url":"https://kbase.us/services/shock-api"},"size":3514025920,"type":"fq"},"number_of_duplicates":612199,"phred_type":"33","qual_max":41.0,"qual_mean":36.4976,"qual_min":0.0,"qual_stdev":8.2744,"read_count":30828778,"read_length_mean":151.0,"read_length_stdev":0.0,"read_orientation_outward":0,"sequencing_tech":"Illumina","single_genome":0,"total_bases":4655145478}