{"base_percentages":{"A":19.703,"C":30.327,"G":30.3271,"N":0.0465,"T":19.5964},"gc_content":0.606541,"insert_size_mean":null,"insert_size_std_dev":null,"interleaved":1,"lib1":{"encoding":"ascii","file":{"file_name":"de148901-aaf6-4d63-8ac0-799c9d6ae19f.inter.fastq.gz","hid":"KBH_5805272","id":"b950b12b-5c54-4f05-904c-04917246af60","remote_md5":"6589c3f9085b2edf9bf07f7d64a39707","type":"shock","url":"https://kbase.us/services/shock-api"},"size":11105086675,"type":"fq"},"number_of_duplicates":331376,"phred_type":"33","qual_max":41.0,"qual_mean":38.1602,"qual_min":2.0,"qual_stdev":5.916,"read_count":110151404,"read_length_mean":149.4009,"read_length_stdev":3.963,"read_orientation_outward":0,"sequencing_tech":"Illumina","single_genome":0,"total_bases":16456718419}