{"base_percentages":{"A":25.9101,"C":24.1245,"G":24.2168,"N":0.0597,"T":25.6889},"gc_content":0.48341300000000004,"insert_size_mean":null,"insert_size_std_dev":null,"interleaved":1,"lib1":{"encoding":"ascii","file":{"file_name":"35dc5f21-f546-4e23-b69f-577117353a70.inter.fastq.gz","hid":"KBH_5801593","id":"4888ddab-11ad-4191-96ed-1bb8d6101fbc","remote_md5":"95cefcc14ce10bf1a8a312f82acf803b","type":"shock","url":"https://kbase.us/services/shock-api"},"size":5873592068,"type":"fq"},"number_of_duplicates":18169,"phred_type":"33","qual_max":40.0,"qual_mean":37.6394,"qual_min":2.0,"qual_stdev":4.8021,"read_count":27593920,"read_length_mean":251.0,"read_length_stdev":0.0,"read_orientation_outward":0,"sequencing_tech":"Illumina","single_genome":0,"total_bases":6926073920}