{"base_percentages":{"A":22.6549,"C":27.2979,"G":27.4596,"N":0.0012,"T":22.5864},"gc_content":0.5475749999999999,"insert_size_mean":null,"insert_size_std_dev":null,"interleaved":1,"lib1":{"encoding":"ascii","file":{"file_name":"c1353c2f-58db-47ec-94ec-b341822888b6.inter.fastq.gz","hid":"KBH_5804039","id":"e3430995-6b8d-4c7e-85f3-2a416519cf2b","remote_md5":"e5c1b874eef847c612a57fb57255ed14","type":"shock","url":"https://kbase.us/services/shock-api"},"size":7208665833,"type":"fq"},"number_of_duplicates":1680924,"phred_type":"33","qual_max":37.0,"qual_mean":36.0226,"qual_min":2.0,"qual_stdev":4.282,"read_count":89023800,"read_length_mean":150.5891,"read_length_stdev":0.7515,"read_orientation_outward":0,"sequencing_tech":"Illumina","single_genome":0,"total_bases":13406017186}