{"base_percentages":{"A":26.699,"C":23.2504,"G":23.3147,"N":0.1241,"T":26.6118},"gc_content":0.46565100000000004,"insert_size_mean":null,"insert_size_std_dev":null,"interleaved":1,"lib1":{"encoding":"ascii","file":{"file_name":"5622dc5e-b06e-40c2-9811-0d19394a835c.inter.fastq.gz","hid":"KBH_5802052","id":"d2136ce9-09be-46eb-b315-194e9b0560bc","remote_md5":"cbc481ec9f619a5eca7736b0190b8912","type":"shock","url":"https://kbase.us/services/shock-api"},"size":8729078399,"type":"fq"},"number_of_duplicates":71268,"phred_type":"33","qual_max":40.0,"qual_mean":37.6911,"qual_min":2.0,"qual_stdev":5.1093,"read_count":51359896,"read_length_mean":250.0,"read_length_stdev":0.0,"read_orientation_outward":0,"sequencing_tech":"Illumina","single_genome":0,"total_bases":12839974000}