{"base_percentages":{"A":24.9556,"C":25.178,"G":25.1829,"N":0.0306,"T":24.653},"gc_content":0.503609,"insert_size_mean":null,"insert_size_std_dev":null,"interleaved":1,"lib1":{"encoding":"ascii","file":{"file_name":"7d042dee-f08a-4300-9940-6056dee917d8.inter.fastq.gz","hid":"KBH_5804169","id":"db3cce83-7a3a-4d16-bb27-66082708f02c","remote_md5":"b5ee1937dda0db7aaf7429987a492ae2","type":"shock","url":"https://kbase.us/services/shock-api"},"size":7433595773,"type":"fq"},"number_of_duplicates":1319969,"phred_type":"33","qual_max":41.0,"qual_mean":39.0648,"qual_min":2.0,"qual_stdev":4.5254,"read_count":82968824,"read_length_mean":150.0,"read_length_stdev":0.0,"read_orientation_outward":0,"sequencing_tech":"Illumina","single_genome":0,"total_bases":12445323600}