{"base_percentages":{"A":26.0808,"C":24.1136,"G":24.1243,"N":2.0E-4,"T":25.6812},"gc_content":0.48237900000000006,"insert_size_mean":null,"insert_size_std_dev":null,"interleaved":1,"lib1":{"encoding":"ascii","file":{"file_name":"4249eb3e-c129-491d-8f96-4085e33c235b.inter.fastq.gz","hid":"KBH_5800943","id":"0ae5f2a5-cfe6-4a10-a2a1-dc3f5a472977","remote_md5":"0109de96f2793f89915bfdb60bae77d6","type":"shock","url":"https://kbase.us/services/shock-api"},"size":6133194992,"type":"fq"},"number_of_duplicates":643119,"phred_type":"33","qual_max":37.0,"qual_mean":36.5714,"qual_min":2.0,"qual_stdev":2.7655,"read_count":80424692,"read_length_mean":149.9477,"read_length_stdev":1.6951,"read_orientation_outward":0,"sequencing_tech":"Illumina","single_genome":0,"total_bases":12059500390}