{"base_percentages":{"A":27.8882,"C":22.2755,"G":22.2196,"N":0.0602,"T":27.5565},"gc_content":0.444951,"insert_size_mean":null,"insert_size_std_dev":null,"interleaved":1,"lib1":{"encoding":"ascii","file":{"file_name":"06a68f1a-87d1-4923-969d-514b81c57438.inter.fastq.gz","hid":"KBH_5803618","id":"4273ee7e-5097-47c4-846f-3e759e62fbf0","remote_md5":"f6e112b0fb8c213c79bed54a4b6207a3","type":"shock","url":"https://kbase.us/services/shock-api"},"size":3344296900,"type":"fq"},"number_of_duplicates":244346,"phred_type":"33","qual_max":40.0,"qual_mean":37.9302,"qual_min":2.0,"qual_stdev":4.3283,"read_count":16109110,"read_length_mean":251.0,"read_length_stdev":0.0,"read_orientation_outward":0,"sequencing_tech":"Illumina","single_genome":0,"total_bases":4043386610}