{"base_percentages":{"A":22.267,"C":27.7484,"G":27.6849,"N":0.0043,"T":22.2953},"gc_content":0.5543330000000001,"insert_size_mean":null,"insert_size_std_dev":null,"interleaved":1,"lib1":{"encoding":"ascii","file":{"file_name":"5180b164-ad9e-425d-ba1c-be0e3a148525.inter.fastq.gz","hid":"KBH_5803782","id":"3866abc3-0ef4-4dc5-a702-58a26e2c9539","remote_md5":"e7cfd6359a741fe9c7d2e2f762b774b3","type":"shock","url":"https://kbase.us/services/shock-api"},"size":4465142750,"type":"fq"},"number_of_duplicates":245365,"phred_type":"33","qual_max":41.0,"qual_mean":39.1107,"qual_min":2.0,"qual_stdev":4.3831,"read_count":49117576,"read_length_mean":150.0,"read_length_stdev":0.0,"read_orientation_outward":0,"sequencing_tech":"Illumina","single_genome":0,"total_bases":7367636400}