{"base_percentages":{"A":22.5183,"C":27.6139,"G":27.398,"N":8.0E-4,"T":22.469},"gc_content":0.550119,"insert_size_mean":null,"insert_size_std_dev":null,"interleaved":1,"lib1":{"encoding":"ascii","file":{"file_name":"aa47dbb8-07b3-4e68-b23f-80289fb12924.inter.fastq.gz","hid":"KBH_5800826","id":"c0e9cd30-a827-4beb-b2c1-05fff76b0dcc","remote_md5":"eba2e7ad8240d5abeb34d0a185f8e3d6","type":"shock","url":"https://kbase.us/services/shock-api"},"size":1643368128,"type":"fq"},"number_of_duplicates":574252,"phred_type":"33","qual_max":36.0,"qual_mean":35.0005,"qual_min":0.0,"qual_stdev":2.7855,"read_count":23467288,"read_length_mean":106.8268,"read_length_stdev":35.1739,"read_orientation_outward":0,"sequencing_tech":"Illumina","single_genome":0,"total_bases":2506935815}