{"base_percentages":{"A":24.2997,"C":25.8177,"G":25.6561,"N":0.0506,"T":24.1758},"gc_content":0.5147379999999999,"insert_size_mean":null,"insert_size_std_dev":null,"interleaved":1,"lib1":{"encoding":"ascii","file":{"file_name":"d67b7434-0b5d-49eb-9e75-edd258f2e9b2.inter.fastq.gz","hid":"KBH_5802499","id":"9dd14482-3974-4f07-a95c-425c90a832fa","remote_md5":"958690f719ee451736fd83a4dd4646bc","type":"shock","url":"https://kbase.us/services/shock-api"},"size":11438660826,"type":"fq"},"number_of_duplicates":146264,"phred_type":"33","qual_max":40.0,"qual_mean":38.0214,"qual_min":2.0,"qual_stdev":4.209,"read_count":78978478,"read_length_mean":201.0,"read_length_stdev":0.0,"read_orientation_outward":0,"sequencing_tech":"Illumina","single_genome":0,"total_bases":15874674078}