{"base_percentages":{"A":21.9551,"C":28.898,"G":27.8664,"N":0.0051,"T":21.2753},"gc_content":0.5676439999999999,"insert_size_mean":null,"insert_size_std_dev":null,"interleaved":1,"lib1":{"encoding":"ascii","file":{"file_name":"d19cfd9d-b43f-4c54-8e5b-4d666c2f5fa4.inter.fastq.gz","hid":"KBH_5800628","id":"0bbba17c-e4a8-466f-9142-0444b1d48179","remote_md5":"54a4ceff09199492525debe08f6745b3","type":"shock","url":"https://kbase.us/services/shock-api"},"size":975934310,"type":"fq"},"number_of_duplicates":10466222,"phred_type":"33","qual_max":36.0,"qual_mean":33.9401,"qual_min":2.0,"qual_stdev":5.0404,"read_count":11364226,"read_length_mean":151.0,"read_length_stdev":0.0,"read_orientation_outward":0,"sequencing_tech":"Illumina","single_genome":0,"total_bases":1715998126}