{"base_percentages":{"A":24.5236,"C":25.6756,"G":25.4125,"N":0.0593,"T":24.3291},"gc_content":0.5108809999999999,"insert_size_mean":null,"insert_size_std_dev":null,"interleaved":1,"lib1":{"encoding":"ascii","file":{"file_name":"e8750fc9-5042-4613-9f7f-a101e5720cda.inter.fastq.gz","hid":"KBH_5803933","id":"544f7ac8-57a0-4867-8ce9-21a6dfdba28c","remote_md5":"363b5740fd6fe7492f5cf3f89780dedb","type":"shock","url":"https://kbase.us/services/shock-api"},"size":5245516588,"type":"fq"},"number_of_duplicates":48945,"phred_type":"33","qual_max":40.0,"qual_mean":37.7477,"qual_min":2.0,"qual_stdev":4.5679,"read_count":24671540,"read_length_mean":251.0,"read_length_stdev":0.0,"read_orientation_outward":0,"sequencing_tech":"Illumina","single_genome":0,"total_bases":6192556540}