{"base_percentages":{"A":22.2362,"C":27.886,"G":27.7947,"N":0.0015,"T":22.0816},"gc_content":0.556807,"insert_size_mean":null,"insert_size_std_dev":null,"interleaved":1,"lib1":{"encoding":"ascii","file":{"file_name":"09141b52-95bf-4e31-8224-28e055f9c7da.inter.fastq.gz","hid":"KBH_5803941","id":"81552d8c-e41c-456a-9be3-53643a9c901e","remote_md5":"484f6fd0a96f2c455dff1478eaf55a37","type":"shock","url":"https://kbase.us/services/shock-api"},"size":5169586268,"type":"fq"},"number_of_duplicates":133480,"phred_type":"33","qual_max":41.0,"qual_mean":38.3102,"qual_min":2.0,"qual_stdev":5.4821,"read_count":48162578,"read_length_mean":150.7896,"read_length_stdev":3.6589,"read_orientation_outward":0,"sequencing_tech":"Illumina","single_genome":0,"total_bases":7262415340}