{"base_percentages":{"A":27.8748,"C":22.1861,"G":22.0962,"N":0.0095,"T":27.8335},"gc_content":0.44282299999999997,"insert_size_mean":null,"insert_size_std_dev":null,"interleaved":1,"lib1":{"encoding":"ascii","file":{"file_name":"5cefbf4a-199d-4d84-927f-4e504560392d.inter.fastq.gz","hid":"KBH_5802109","id":"1792829a-b43f-4d1a-a233-f1fe6e4f3428","remote_md5":"4085c4a906968462b251ea8e1e485d48","type":"shock","url":"https://kbase.us/services/shock-api"},"size":9192635639,"type":"fq"},"number_of_duplicates":641140,"phred_type":"33","qual_max":41.0,"qual_mean":38.9952,"qual_min":2.0,"qual_stdev":4.6819,"read_count":101659050,"read_length_mean":150.0,"read_length_stdev":0.0,"read_orientation_outward":0,"sequencing_tech":"Illumina","single_genome":0,"total_bases":15248857500}