{"base_percentages":{"A":23.3338,"C":26.5798,"G":26.8044,"N":0.0745,"T":23.2074},"gc_content":0.533842,"insert_size_mean":null,"insert_size_std_dev":null,"interleaved":1,"lib1":{"encoding":"ascii","file":{"file_name":"454112f4-f99d-4ce5-867a-be7773682379.inter.fastq.gz","hid":"KBH_5800902","id":"c224eee0-b067-4d00-9f95-30efbef2e226","remote_md5":"0b685727cd805f1fd11841945cd84199","type":"shock","url":"https://kbase.us/services/shock-api"},"size":2419174159,"type":"fq"},"number_of_duplicates":402553,"phred_type":"33","qual_max":41.0,"qual_mean":38.0003,"qual_min":2.0,"qual_stdev":5.0805,"read_count":28295346,"read_length_mean":101.0,"read_length_stdev":0.0,"read_orientation_outward":0,"sequencing_tech":"Illumina","single_genome":0,"total_bases":2857829946}