{"base_percentages":{"A":27.0926,"C":22.8642,"G":22.9116,"N":0.1223,"T":27.0093},"gc_content":0.45775800000000005,"insert_size_mean":null,"insert_size_std_dev":null,"interleaved":1,"lib1":{"encoding":"ascii","file":{"file_name":"e8491591-311b-444b-a336-f1e554ecd210.inter.fastq.gz","hid":"KBH_5801760","id":"1b8a5250-7d11-4f0e-8daf-a65b3a456b4d","remote_md5":"032709b0aa970e62da3ed396521ec17c","type":"shock","url":"https://kbase.us/services/shock-api"},"size":6904658580,"type":"fq"},"number_of_duplicates":41731,"phred_type":"33","qual_max":40.0,"qual_mean":37.5173,"qual_min":2.0,"qual_stdev":5.3488,"read_count":40454146,"read_length_mean":250.0,"read_length_stdev":0.0,"read_orientation_outward":0,"sequencing_tech":"Illumina","single_genome":0,"total_bases":10113536500}