{"base_percentages":{"A":24.8042,"C":25.7254,"G":24.817,"N":0.001,"T":24.6524},"gc_content":0.505424,"insert_size_mean":null,"insert_size_std_dev":null,"interleaved":1,"lib1":{"encoding":"ascii","file":{"file_name":"aed84a45-726a-4352-b409-2d79822a4d4b.inter.fastq.gz","hid":"KBH_5800140","id":"28c260cf-a284-425e-960f-47269d69237f","remote_md5":"ef7c7726546b87b57501bb1778edc8f2","type":"shock","url":"https://kbase.us/services/shock-api"},"size":5702820220,"type":"fq"},"number_of_duplicates":286142,"phred_type":"33","qual_max":37.0,"qual_mean":36.6714,"qual_min":2.0,"qual_stdev":2.4113,"read_count":76097452,"read_length_mean":151.0,"read_length_stdev":0.0,"read_orientation_outward":0,"sequencing_tech":"Illumina","single_genome":0,"total_bases":11490715252}