{"base_percentages":{"A":24.9284,"C":25.3633,"G":24.8891,"N":0.0052,"T":24.8141},"gc_content":0.502524,"insert_size_mean":null,"insert_size_std_dev":null,"interleaved":1,"lib1":{"encoding":"ascii","file":{"file_name":"e9dc636c-7d25-4f4b-9e27-8b922840587f.inter.fastq.gz","hid":"KBH_5804574","id":"a33cda20-cdb7-43e2-9ae6-bda3537fcb82","remote_md5":"67486feaf686ab8eac7b28481f4bfb1f","type":"shock","url":"https://kbase.us/services/shock-api"},"size":37891892775,"type":"fq"},"number_of_duplicates":1104145,"phred_type":"33","qual_max":41.0,"qual_mean":39.1429,"qual_min":2.0,"qual_stdev":4.3512,"read_count":426528358,"read_length_mean":150.0,"read_length_stdev":0.0,"read_orientation_outward":0,"sequencing_tech":"Illumina","single_genome":0,"total_bases":63979253700}