{"base_percentages":{"A":23.192,"C":26.5757,"G":26.6707,"N":0.0051,"T":23.5564},"gc_content":0.532464,"insert_size_mean":null,"insert_size_std_dev":null,"interleaved":1,"lib1":{"encoding":"ascii","file":{"file_name":"5828e878-99a1-40cb-b620-779ee56ad39c.inter.fastq.gz","hid":"KBH_5803773","id":"e59873d9-a9a7-43e7-a3e0-1c634ef2c757","remote_md5":"4a2f01a17643b59271a9fb12a71cf7ca","type":"shock","url":"https://kbase.us/services/shock-api"},"size":3909143891,"type":"fq"},"number_of_duplicates":36364,"phred_type":"33","qual_max":40.0,"qual_mean":38.5419,"qual_min":2.0,"qual_stdev":3.6471,"read_count":27371736,"read_length_mean":214.2013,"read_length_stdev":55.6261,"read_orientation_outward":0,"sequencing_tech":"Illumina","single_genome":0,"total_bases":5863060906}