{"base_percentages":{"A":26.631,"C":23.1085,"G":23.2253,"N":0.0411,"T":26.9941},"gc_content":0.46333799999999997,"insert_size_mean":null,"insert_size_std_dev":null,"interleaved":1,"lib1":{"encoding":"ascii","file":{"file_name":"ca590601-dae0-407b-8a13-280ab1aecfae.inter.fastq.gz","hid":"KBH_5805125","id":"b8f8451e-4a98-4f8d-8a9f-a80226829bcb","remote_md5":"7370b3afb7a6b61e778e028d38263eff","type":"shock","url":"https://kbase.us/services/shock-api"},"size":9795836723,"type":"fq"},"number_of_duplicates":673439,"phred_type":"33","qual_max":40.0,"qual_mean":37.3764,"qual_min":2.0,"qual_stdev":4.6467,"read_count":57139054,"read_length_mean":196.9766,"read_length_stdev":61.2846,"read_orientation_outward":0,"sequencing_tech":"Illumina","single_genome":0,"total_bases":11255058965}