{"base_percentages":{"A":20.0316,"C":30.0588,"G":29.9706,"N":0.0478,"T":19.8912},"gc_content":0.600294,"insert_size_mean":null,"insert_size_std_dev":null,"interleaved":1,"lib1":{"encoding":"ascii","file":{"file_name":"6e4f7a34-b773-444f-8dab-663a30d3ceb9.inter.fastq.gz","hid":"KBH_5805013","id":"675639e2-5e41-4098-b2e6-bce36abd8c0b","remote_md5":"2ccaae57d0d1a48839a2aea659b8a9ff","type":"shock","url":"https://kbase.us/services/shock-api"},"size":9913514229,"type":"fq"},"number_of_duplicates":310118,"phred_type":"33","qual_max":41.0,"qual_mean":38.2876,"qual_min":2.0,"qual_stdev":5.521,"read_count":93692160,"read_length_mean":151.0,"read_length_stdev":0.0,"read_orientation_outward":0,"sequencing_tech":"Illumina","single_genome":0,"total_bases":14147516160}