{"base_percentages":{"A":21.2323,"C":28.9793,"G":28.8225,"N":0.0379,"T":20.9281},"gc_content":0.578018,"insert_size_mean":null,"insert_size_std_dev":null,"interleaved":1,"lib1":{"encoding":"ascii","file":{"file_name":"98310c88-1124-436b-bf7c-29ef717a973f.inter.fastq.gz","hid":"KBH_5804982","id":"aa65bb33-c2a2-4274-983f-733840937eca","remote_md5":"5f9dfdafd43ad5c5547bd7eeadc84df4","type":"shock","url":"https://kbase.us/services/shock-api"},"size":9745272136,"type":"fq"},"number_of_duplicates":339232,"phred_type":"33","qual_max":41.0,"qual_mean":38.7133,"qual_min":2.0,"qual_stdev":5.0907,"read_count":106889030,"read_length_mean":150.0,"read_length_stdev":0.0,"read_orientation_outward":0,"sequencing_tech":"Illumina","single_genome":0,"total_bases":16033354500}