{"base_percentages":{"A":20.8842,"C":29.1571,"G":29.4362,"N":0.0742,"T":20.4484},"gc_content":0.585933,"insert_size_mean":null,"insert_size_std_dev":null,"interleaved":1,"lib1":{"encoding":"ascii","file":{"file_name":"209508b8-2a77-4e09-a77b-51d78d79d380.inter.fastq.gz","hid":"KBH_5800768","id":"cd683abc-c600-4da8-9473-216a7000a9da","remote_md5":"a94f281bcd53902baaeb210fad92483d","type":"shock","url":"https://kbase.us/services/shock-api"},"size":3605324873,"type":"fq"},"number_of_duplicates":158380,"phred_type":"33","qual_max":36.0,"qual_mean":34.2502,"qual_min":2.0,"qual_stdev":4.6291,"read_count":36807528,"read_length_mean":151.0,"read_length_stdev":0.0,"read_orientation_outward":0,"sequencing_tech":"Illumina","single_genome":0,"total_bases":5557936728}