{"base_percentages":{"A":23.3663,"C":26.4107,"G":26.494,"N":0.006,"T":23.7231},"gc_content":0.5290469999999999,"insert_size_mean":null,"insert_size_std_dev":null,"interleaved":1,"lib1":{"encoding":"ascii","file":{"file_name":"a49bee73-06c0-44ee-adec-4fbfe2046aea.inter.fastq.gz","hid":"KBH_5803604","id":"0e27246c-7809-4e02-9ce2-60ec53713b9c","remote_md5":"33bd6e30725c6ab7226c1e7add0bba2b","type":"shock","url":"https://kbase.us/services/shock-api"},"size":3441813646,"type":"fq"},"number_of_duplicates":31401,"phred_type":"33","qual_max":40.0,"qual_mean":38.7382,"qual_min":2.0,"qual_stdev":3.2374,"read_count":26212190,"read_length_mean":198.821,"read_length_stdev":59.3704,"read_orientation_outward":0,"sequencing_tech":"Illumina","single_genome":0,"total_bases":5211534906}