{"base_percentages":{"A":24.9191,"C":25.3307,"G":25.4888,"N":0.0186,"T":24.2428},"gc_content":0.5081950000000001,"insert_size_mean":null,"insert_size_std_dev":null,"interleaved":1,"lib1":{"encoding":"ascii","file":{"file_name":"dbbdcb18-7a6c-4afd-a42f-63b336555e61.inter.fastq.gz","hid":"KBH_5801989","id":"c8caadf3-2ac5-4582-be1f-08d57a3acfae","remote_md5":"d77c60287acf6ff9034f19cccaa26a92","type":"shock","url":"https://kbase.us/services/shock-api"},"size":8772708419,"type":"fq"},"number_of_duplicates":1753947,"phred_type":"33","qual_max":41.0,"qual_mean":38.6206,"qual_min":2.0,"qual_stdev":5.1066,"read_count":90459524,"read_length_mean":150.0,"read_length_stdev":0.0,"read_orientation_outward":0,"sequencing_tech":"Illumina","single_genome":0,"total_bases":13568928600}