{"base_percentages":{"A":24.8018,"C":25.0623,"G":25.2758,"N":0.1238,"T":24.7363},"gc_content":0.503381,"insert_size_mean":null,"insert_size_std_dev":null,"interleaved":1,"lib1":{"encoding":"ascii","file":{"file_name":"2e2885ae-07c4-48f9-b7d1-70fc78098a1f.inter.fastq.gz","hid":"KBH_5802085","id":"a089b2c6-6fe4-4dd7-a27a-bed7f0681a37","remote_md5":"e941e50821d3ee74d8d5e9616bc1cd6b","type":"shock","url":"https://kbase.us/services/shock-api"},"size":8729904893,"type":"fq"},"number_of_duplicates":52084,"phred_type":"33","qual_max":40.0,"qual_mean":37.7263,"qual_min":2.0,"qual_stdev":5.0091,"read_count":51348758,"read_length_mean":250.0,"read_length_stdev":0.0,"read_orientation_outward":0,"sequencing_tech":"Illumina","single_genome":0,"total_bases":12837189500}