{"base_percentages":{"A":28.0116,"C":22.0761,"G":22.2352,"N":0.0591,"T":27.618},"gc_content":0.44311300000000003,"insert_size_mean":null,"insert_size_std_dev":null,"interleaved":1,"lib1":{"encoding":"ascii","file":{"file_name":"c784a0fb-624b-42d9-9b11-6c74f375528a.inter.fastq.gz","hid":"KBH_5800933","id":"b4f1bcef-a01e-484d-be00-51dd0bd76e2d","remote_md5":"2f6c8543deefbcf3011db3eeb664879e","type":"shock","url":"https://kbase.us/services/shock-api"},"size":2746156144,"type":"fq"},"number_of_duplicates":27039,"phred_type":"33","qual_max":41.0,"qual_mean":38.0741,"qual_min":2.0,"qual_stdev":3.9661,"read_count":29569994,"read_length_mean":101.0,"read_length_stdev":0.0,"read_orientation_outward":0,"sequencing_tech":"Illumina","single_genome":0,"total_bases":2986569394}