{"base_percentages":{"A":20.5654,"C":29.4328,"G":29.5265,"N":0.0022,"T":20.4731},"gc_content":0.589593,"insert_size_mean":null,"insert_size_std_dev":null,"interleaved":1,"lib1":{"encoding":"ascii","file":{"file_name":"1beaf29c-bae7-4bda-91a4-bd1c92fe8600.inter.fastq.gz","hid":"KBH_5803223","id":"f1c0525c-60d6-4fd8-bdb6-03e9cb1661f2","remote_md5":"9a46e9b07412e4825464ae630bdce496","type":"shock","url":"https://kbase.us/services/shock-api"},"size":16703064437,"type":"fq"},"number_of_duplicates":773133,"phred_type":"33","qual_max":40.0,"qual_mean":38.0313,"qual_min":2.0,"qual_stdev":3.9013,"read_count":213846214,"read_length_mean":99.3872,"read_length_stdev":5.6256,"read_orientation_outward":0,"sequencing_tech":"Illumina","single_genome":0,"total_bases":21253585148}