{"base_percentages":{"A":26.2207,"C":23.7126,"G":23.8969,"N":0.1238,"T":26.046},"gc_content":0.476095,"insert_size_mean":null,"insert_size_std_dev":null,"interleaved":1,"lib1":{"encoding":"ascii","file":{"file_name":"8d56dbb0-29d7-42df-9346-311b8ed7bfb5.inter.fastq.gz","hid":"KBH_5802374","id":"dad0cde4-c05b-4cbd-ba0f-f1590cddf14b","remote_md5":"830ed2d6e9ce3e541acc5eb8f2e3b2fb","type":"shock","url":"https://kbase.us/services/shock-api"},"size":9744128952,"type":"fq"},"number_of_duplicates":174519,"phred_type":"33","qual_max":40.0,"qual_mean":37.778,"qual_min":2.0,"qual_stdev":4.936,"read_count":57324576,"read_length_mean":250.0,"read_length_stdev":0.0,"read_orientation_outward":0,"sequencing_tech":"Illumina","single_genome":0,"total_bases":14331144000}