{"base_percentages":{"A":27.8554,"C":22.1958,"G":22.018,"N":0.0185,"T":27.9124},"gc_content":0.442138,"insert_size_mean":null,"insert_size_std_dev":null,"interleaved":1,"lib1":{"encoding":"ascii","file":{"file_name":"7895fab5-8b0a-4f3e-8f0b-123bfe42e231.inter.fastq.gz","hid":"KBH_5807636","id":"74112d65-1876-4a61-849d-3f5f63ab2874","remote_md5":"4c041ee96e4195c44960af6d84b709c2","type":"shock","url":"https://kbase.us/services/shock-api"},"size":53066417600,"type":"fq"},"number_of_duplicates":1079434,"phred_type":"33","qual_max":41.0,"qual_mean":38.5144,"qual_min":2.0,"qual_stdev":5.5138,"read_count":538624998,"read_length_mean":151.0,"read_length_stdev":0.0,"read_orientation_outward":0,"sequencing_tech":"Illumina","single_genome":0,"total_bases":81332374698}