{"base_percentages":{"A":20.3361,"C":29.553,"G":29.5802,"N":0.0012,"T":20.5295},"gc_content":0.591332,"insert_size_mean":null,"insert_size_std_dev":null,"interleaved":1,"lib1":{"encoding":"ascii","file":{"file_name":"ebd5b412-5279-4432-ab34-df9cb5744cb0.inter.fastq.gz","hid":"KBH_5803922","id":"169a2db8-76bd-4358-b898-8e5ce459113a","remote_md5":"725ba64e90b3ebe31ebb983ab267c12d","type":"shock","url":"https://kbase.us/services/shock-api"},"size":5561307222,"type":"fq"},"number_of_duplicates":174129,"phred_type":"33","qual_max":37.0,"qual_mean":36.0921,"qual_min":2.0,"qual_stdev":4.1176,"read_count":69412182,"read_length_mean":150.6138,"read_length_stdev":0.72,"read_orientation_outward":0,"sequencing_tech":"Illumina","single_genome":0,"total_bases":10454434234}