{"base_percentages":{"A":22.3304,"C":27.8961,"G":27.8539,"N":0.0011,"T":21.9184},"gc_content":0.5575,"insert_size_mean":null,"insert_size_std_dev":null,"interleaved":1,"lib1":{"encoding":"ascii","file":{"file_name":"992fd73b-d7a9-40ca-ab5e-254a401c9820.inter.fastq.gz","hid":"KBH_5801933","id":"3bf51290-4e81-4c1d-8f3b-c2b306f0edd9","remote_md5":"5308828d5b3944d14732a2163b672255","type":"shock","url":"https://kbase.us/services/shock-api"},"size":7810063478,"type":"fq"},"number_of_duplicates":470376,"phred_type":"33","qual_max":37.0,"qual_mean":36.2429,"qual_min":2.0,"qual_stdev":3.7023,"read_count":98735066,"read_length_mean":150.0,"read_length_stdev":0.0,"read_orientation_outward":0,"sequencing_tech":"Illumina","single_genome":0,"total_bases":14810259900}