{"base_percentages":{"A":24.3547,"C":25.7829,"G":25.4931,"N":9.0E-4,"T":24.3684},"gc_content":0.51276,"insert_size_mean":null,"insert_size_std_dev":null,"interleaved":1,"lib1":{"encoding":"ascii","file":{"file_name":"b93f70cd-7e99-4754-8668-f454a07609d6.inter.fastq.gz","hid":"KBH_5801554","id":"f8eead49-3525-40ef-b302-72661dcd3376","remote_md5":"7b12168760931276079b93021b2833fa","type":"shock","url":"https://kbase.us/services/shock-api"},"size":1419755717,"type":"fq"},"number_of_duplicates":761775,"phred_type":"33","qual_max":36.0,"qual_mean":35.0064,"qual_min":0.0,"qual_stdev":2.7767,"read_count":19825978,"read_length_mean":109.6826,"read_length_stdev":35.418,"read_orientation_outward":0,"sequencing_tech":"Illumina","single_genome":0,"total_bases":2174565030}