{"base_percentages":{"A":23.4197,"C":26.4868,"G":26.1531,"N":0.1975,"T":23.7429},"gc_content":0.526399,"insert_size_mean":null,"insert_size_std_dev":null,"interleaved":1,"lib1":{"encoding":"ascii","file":{"file_name":"f99f964c-7040-4b83-8137-0420f3ad5568.inter.fastq.gz","hid":"KBH_5800937","id":"9b81e172-493d-4902-8038-20f3a4b4a89a","remote_md5":"588f7aad2b7304eef7fb47996a5a94a2","type":"shock","url":"https://kbase.us/services/shock-api"},"size":2473148023,"type":"fq"},"number_of_duplicates":207828,"phred_type":"33","qual_max":41.0,"qual_mean":37.6332,"qual_min":0.0,"qual_stdev":6.9815,"read_count":23479332,"read_length_mean":151.0,"read_length_stdev":0.0,"read_orientation_outward":0,"sequencing_tech":"Illumina","single_genome":0,"total_bases":3545379132}