{"base_percentages":{"A":24.4953,"C":25.7063,"G":25.5806,"N":0.0188,"T":24.1991},"gc_content":0.512869,"insert_size_mean":null,"insert_size_std_dev":null,"interleaved":1,"lib1":{"encoding":"ascii","file":{"file_name":"863602d0-c0b8-4bbf-b079-3f3ff8f4ff6d.inter.fastq.gz","hid":"KBH_5804231","id":"da39d9b8-303d-411d-920c-15c42fda7b31","remote_md5":"afb9ac38bccf42d35ee5e0cb54bbb11c","type":"shock","url":"https://kbase.us/services/shock-api"},"size":7316734920,"type":"fq"},"number_of_duplicates":235457,"phred_type":"33","qual_max":41.0,"qual_mean":38.5671,"qual_min":2.0,"qual_stdev":5.3005,"read_count":75416542,"read_length_mean":150.0,"read_length_stdev":0.0,"read_orientation_outward":0,"sequencing_tech":"Illumina","single_genome":0,"total_bases":11312481300}