{"base_percentages":{"A":19.5448,"C":30.3444,"G":30.3883,"N":0.0012,"T":19.7213},"gc_content":0.6073270000000001,"insert_size_mean":null,"insert_size_std_dev":null,"interleaved":1,"lib1":{"encoding":"ascii","file":{"file_name":"19f57b5b-a6a5-4bf8-a705-1ea66e395509.inter.fastq.gz","hid":"KBH_5804152","id":"bc9fda6f-f9c8-44b5-a82f-abf4375ebfe2","remote_md5":"655f7ec1ccf3cf9339d95fc3be72c354","type":"shock","url":"https://kbase.us/services/shock-api"},"size":7370368841,"type":"fq"},"number_of_duplicates":233817,"phred_type":"33","qual_max":37.0,"qual_mean":35.967,"qual_min":2.0,"qual_stdev":4.4099,"read_count":91405164,"read_length_mean":150.6075,"read_length_stdev":0.7118,"read_orientation_outward":0,"sequencing_tech":"Illumina","single_genome":0,"total_bases":13766298785}