{"base_percentages":{"A":27.7834,"C":22.5603,"G":22.1608,"N":0.0051,"T":27.4904},"gc_content":0.447211,"insert_size_mean":null,"insert_size_std_dev":null,"interleaved":1,"lib1":{"encoding":"ascii","file":{"file_name":"901d36f3-63ca-49ec-948c-6152ba159b92.inter.fastq.gz","hid":"KBH_5804740","id":"f1bfaa45-ba8a-4e98-a7af-28a24f01af78","remote_md5":"8da8d1a80fe89fd7551304a373afc841","type":"shock","url":"https://kbase.us/services/shock-api"},"size":37969384954,"type":"fq"},"number_of_duplicates":30324734,"phred_type":"33","qual_max":41.0,"qual_mean":39.1411,"qual_min":2.0,"qual_stdev":4.37,"read_count":427445344,"read_length_mean":150.0,"read_length_stdev":0.0,"read_orientation_outward":0,"sequencing_tech":"Illumina","single_genome":0,"total_bases":64116801600}