{"base_percentages":{"A":23.1649,"C":26.5555,"G":26.7006,"N":0.0425,"T":23.5365},"gc_content":0.5325610000000001,"insert_size_mean":null,"insert_size_std_dev":null,"interleaved":1,"lib1":{"encoding":"ascii","file":{"file_name":"f394616a-5825-4541-9fd0-c3f4c45c2ab3.inter.fastq.gz","hid":"KBH_5805240","id":"a8af3085-f945-41fb-9f7e-b3cf58c61709","remote_md5":"0d1ccf9191febd1d2b4f5e9196f2e14c","type":"shock","url":"https://kbase.us/services/shock-api"},"size":10448707369,"type":"fq"},"number_of_duplicates":745800,"phred_type":"33","qual_max":40.0,"qual_mean":37.3468,"qual_min":2.0,"qual_stdev":4.7008,"read_count":60064978,"read_length_mean":197.8475,"read_length_stdev":61.6445,"read_orientation_outward":0,"sequencing_tech":"Illumina","single_genome":0,"total_bases":11883703806}