{"base_percentages":{"A":24.8482,"C":25.0004,"G":24.9509,"N":0.0035,"T":25.197},"gc_content":0.49951300000000004,"insert_size_mean":null,"insert_size_std_dev":null,"interleaved":1,"lib1":{"encoding":"ascii","file":{"file_name":"8170fa58-b461-4f70-9f8c-4a338ab3db60.inter.fastq.gz","hid":"KBH_5803552","id":"64e3fd38-1474-449a-9515-2ddb15e4b97e","remote_md5":"0142d8711304a0961f35e15ed8ae1e06","type":"shock","url":"https://kbase.us/services/shock-api"},"size":2932438676,"type":"fq"},"number_of_duplicates":171117,"phred_type":"33","qual_max":38.0,"qual_mean":36.5011,"qual_min":2.0,"qual_stdev":3.8894,"read_count":12766324,"read_length_mean":288.5862,"read_length_stdev":41.3328,"read_orientation_outward":0,"sequencing_tech":"Illumina","single_genome":0,"total_bases":3684185020}