{"base_percentages":{"A":25.6119,"C":24.7805,"G":24.3882,"N":0.0,"T":25.2194},"gc_content":0.491687,"insert_size_mean":null,"insert_size_std_dev":null,"interleaved":1,"lib1":{"encoding":"ascii","file":{"file_name":"8e8c3ffd-fe93-42f7-93e9-0b69ccf8d9c4.inter.fastq.gz","hid":"KBH_5800952","id":"30798270-66c9-4244-8178-075829db2881","remote_md5":"32a0acf38fc1423e7e63b6fb903b5ea5","type":"shock","url":"https://kbase.us/services/shock-api"},"size":3271245454,"type":"fq"},"number_of_duplicates":45918,"phred_type":"33","qual_max":38.0,"qual_mean":36.5712,"qual_min":2.0,"qual_stdev":3.3473,"read_count":34630474,"read_length_mean":122.8307,"read_length_stdev":7.0821,"read_orientation_outward":0,"sequencing_tech":"Illumina","single_genome":0,"total_bases":4253684183}