{"base_percentages":{"A":20.7678,"C":29.1889,"G":29.1227,"N":0.0593,"T":20.8613},"gc_content":0.583116,"insert_size_mean":null,"insert_size_std_dev":null,"interleaved":1,"lib1":{"encoding":"ascii","file":{"file_name":"1a75b62f-9b5e-467c-a7d5-a117cc17554a.inter.fastq.gz","hid":"KBH_5805960","id":"49e06ccb-0ba5-431a-aea6-502d5a54a061","remote_md5":"affe60bf5ab082fe12278d28c992e36e","type":"shock","url":"https://kbase.us/services/shock-api"},"size":20705976188,"type":"fq"},"number_of_duplicates":43455,"phred_type":"33","qual_max":40.0,"qual_mean":36.9489,"qual_min":2.0,"qual_stdev":5.5143,"read_count":101381416,"read_length_mean":251.0,"read_length_stdev":0.0,"read_orientation_outward":0,"sequencing_tech":"Illumina","single_genome":0,"total_bases":25446735416}