{"base_percentages":{"A":19.9455,"C":30.5209,"G":29.7479,"N":0.0165,"T":19.7692},"gc_content":0.602688,"insert_size_mean":null,"insert_size_std_dev":null,"interleaved":1,"lib1":{"encoding":"ascii","file":{"file_name":"48c09d4e-4323-433d-812b-c27195564ca5.inter.fastq.gz","hid":"KBH_5801526","id":"e1656b9a-1f62-467b-ab45-eb005dab7c54","remote_md5":"53b54a3038210a2143f2dd2bd1702f6f","type":"shock","url":"https://kbase.us/services/shock-api"},"size":712839207,"type":"fq"},"number_of_duplicates":339856,"phred_type":"33","qual_max":41.0,"qual_mean":38.0584,"qual_min":2.0,"qual_stdev":6.0206,"read_count":7064390,"read_length_mean":149.4879,"read_length_stdev":3.3683,"read_orientation_outward":0,"sequencing_tech":"Illumina","single_genome":0,"total_bases":1056040545}