{"base_percentages":{"A":25.0433,"C":25.2668,"G":25.1706,"N":0.0012,"T":24.5181},"gc_content":0.504374,"insert_size_mean":null,"insert_size_std_dev":null,"interleaved":1,"lib1":{"encoding":"ascii","file":{"file_name":"784671b8-f48c-4bc2-ab1c-1661ea82bbd4.inter.fastq.gz","hid":"KBH_5801719","id":"6c38e7f2-55af-4d49-bd44-f22974c0e080","remote_md5":"33599eeabc1b1f08bfc472aea9e8f6ce","type":"shock","url":"https://kbase.us/services/shock-api"},"size":7508783239,"type":"fq"},"number_of_duplicates":326351,"phred_type":"33","qual_max":37.0,"qual_mean":36.2721,"qual_min":2.0,"qual_stdev":3.6382,"read_count":95570234,"read_length_mean":150.0,"read_length_stdev":0.0,"read_orientation_outward":0,"sequencing_tech":"Illumina","single_genome":0,"total_bases":14335535100}