{"base_percentages":{"A":23.7711,"C":25.9617,"G":26.1002,"N":0.0053,"T":24.1617},"gc_content":0.520619,"insert_size_mean":null,"insert_size_std_dev":null,"interleaved":1,"lib1":{"encoding":"ascii","file":{"file_name":"48e5e11f-6c94-46b8-a21c-4ff0b83a2468.inter.fastq.gz","hid":"KBH_5803667","id":"a1a769ca-d7c9-4c34-a6f3-1f9892d825a7","remote_md5":"077967d54306f549932da1ebc856bc74","type":"shock","url":"https://kbase.us/services/shock-api"},"size":3540288711,"type":"fq"},"number_of_duplicates":89630,"phred_type":"33","qual_max":40.0,"qual_mean":38.6494,"qual_min":2.0,"qual_stdev":3.4717,"read_count":24443552,"read_length_mean":219.7783,"read_length_stdev":50.217,"read_orientation_outward":0,"sequencing_tech":"Illumina","single_genome":0,"total_bases":5372163129}