{"base_percentages":{"A":30.914,"C":17.9164,"G":24.8051,"N":0.0095,"T":26.355},"gc_content":0.427215,"insert_size_mean":null,"insert_size_std_dev":null,"interleaved":1,"lib1":{"encoding":"ascii","file":{"file_name":"e47e56ba-23fa-4183-8160-4bd1d8773d88.inter.fastq.gz","hid":"KBH_5803471","id":"1fbb550e-5221-44ba-a1ed-a63bc3f27668","remote_md5":"e116f2b091dd4eccecffcfd41e4f6176","type":"shock","url":"https://kbase.us/services/shock-api"},"size":21305467331,"type":"fq"},"number_of_duplicates":669288,"phred_type":"33","qual_max":38.0,"qual_mean":36.1333,"qual_min":2.0,"qual_stdev":4.2833,"read_count":188886590,"read_length_mean":151.0,"read_length_stdev":0.0,"read_orientation_outward":0,"sequencing_tech":"Illumina","single_genome":0,"total_bases":28521875090}