{"base_percentages":{"A":28.0304,"C":21.4514,"G":29.0437,"N":0.0424,"T":21.4321},"gc_content":0.504951,"insert_size_mean":null,"insert_size_std_dev":null,"interleaved":1,"lib1":{"encoding":"ascii","file":{"file_name":"9d30b047-59eb-47f2-9ba5-227558a336a7.inter.fastq.gz","hid":"KBH_5803504","id":"30ea74ce-5cc1-42d3-a0b5-20791c8b127a","remote_md5":"bb5bff6a0ab3f0bca0e21f4998e4c8ca","type":"shock","url":"https://kbase.us/services/shock-api"},"size":21030211799,"type":"fq"},"number_of_duplicates":55272874,"phred_type":"33","qual_max":38.0,"qual_mean":33.2143,"qual_min":2.0,"qual_stdev":8.282,"read_count":195110656,"read_length_mean":151.0,"read_length_stdev":0.0,"read_orientation_outward":0,"sequencing_tech":"Illumina","single_genome":0,"total_bases":29461709056}