{"base_percentages":{"A":21.1701,"C":28.6133,"G":28.6808,"N":0.0645,"T":21.4712},"gc_content":0.572941,"insert_size_mean":null,"insert_size_std_dev":null,"interleaved":1,"lib1":{"encoding":"ascii","file":{"file_name":"9710d95b-4df4-4c2b-bbba-5e924b36d02f.inter.fastq.gz","hid":"KBH_5801514","id":"b6257980-1027-43ee-8963-c35d86261a42","remote_md5":"04cffd1ca26c6e25f4a11c99dbeb8331","type":"shock","url":"https://kbase.us/services/shock-api"},"size":514182635,"type":"fq"},"number_of_duplicates":75082,"phred_type":"33","qual_max":38.0,"qual_mean":36.5802,"qual_min":2.0,"qual_stdev":3.6421,"read_count":2854656,"read_length_mean":229.3248,"read_length_stdev":43.9653,"read_orientation_outward":0,"sequencing_tech":"Illumina","single_genome":0,"total_bases":654643534}