{"base_percentages":{"A":24.9381,"C":24.8155,"G":24.9084,"N":0.0458,"T":25.2922},"gc_content":0.497239,"insert_size_mean":null,"insert_size_std_dev":null,"interleaved":1,"lib1":{"encoding":"ascii","file":{"file_name":"c391983d-802e-43d6-9d61-34c5d71124a9.inter.fastq.gz","hid":"KBH_5805839","id":"ed438b47-23e9-4784-97bc-fb2d0dd5fee6","remote_md5":"1f96e10e80d9f30918f2ef8c5bc03fab","type":"shock","url":"https://kbase.us/services/shock-api"},"size":17557448585,"type":"fq"},"number_of_duplicates":299868,"phred_type":"33","qual_max":40.0,"qual_mean":37.7956,"qual_min":2.0,"qual_stdev":4.0703,"read_count":122539802,"read_length_mean":172.8558,"read_length_stdev":72.6048,"read_orientation_outward":0,"sequencing_tech":"Illumina","single_genome":0,"total_bases":21181715582}