{"base_percentages":{"A":25.7046,"C":24.5546,"G":24.5119,"N":0.0017,"T":25.2273},"gc_content":0.4906650000000001,"insert_size_mean":null,"insert_size_std_dev":null,"interleaved":1,"lib1":{"encoding":"ascii","file":{"file_name":"6cf4c766-6e62-4e80-a887-e6cd476ebb54.inter.fastq.gz","hid":"KBH_5801738","id":"a1447ee0-2ec5-48b9-bea0-93f4cd2187fc","remote_md5":"2670e7f7307cb09cfe644be3e28aadaf","type":"shock","url":"https://kbase.us/services/shock-api"},"size":7504173482,"type":"fq"},"number_of_duplicates":326261,"phred_type":"33","qual_max":37.0,"qual_mean":36.2072,"qual_min":2.0,"qual_stdev":3.8022,"read_count":94668294,"read_length_mean":149.9679,"read_length_stdev":1.1575,"read_orientation_outward":0,"sequencing_tech":"Illumina","single_genome":0,"total_bases":14197207551}