{"base_percentages":{"A":23.204,"C":27.0287,"G":27.0189,"N":0.0057,"T":22.7426},"gc_content":0.5404760000000001,"insert_size_mean":null,"insert_size_std_dev":null,"interleaved":1,"lib1":{"encoding":"ascii","file":{"file_name":"d506e226-13ea-4c91-b39c-96157b06f3fd.inter.fastq.gz","hid":"KBH_5800935","id":"5f3a64cd-fffd-42a7-80b2-8e18e2864b18","remote_md5":"73bc7662c54397c136874397ab638ed6","type":"shock","url":"https://kbase.us/services/shock-api"},"size":6418913171,"type":"fq"},"number_of_duplicates":679792,"phred_type":"33","qual_max":41.0,"qual_mean":38.4986,"qual_min":2.0,"qual_stdev":5.3261,"read_count":69277724,"read_length_mean":151.0,"read_length_stdev":0.0,"read_orientation_outward":0,"sequencing_tech":"Illumina","single_genome":0,"total_bases":10460936324}