{"base_percentages":{"A":24.8603,"C":25.1122,"G":25.4478,"N":0.1175,"T":24.4622},"gc_content":0.5056,"insert_size_mean":null,"insert_size_std_dev":null,"interleaved":1,"lib1":{"encoding":"ascii","file":{"file_name":"fee6e416-f4f5-4a30-8f2d-b85a4d9e7cd2.inter.fastq.gz","hid":"KBH_5803577","id":"add9e374-12c8-43a0-9f46-2adc8f889a48","remote_md5":"32367306c231aec8943fbe85c868f055","type":"shock","url":"https://kbase.us/services/shock-api"},"size":3153295290,"type":"fq"},"number_of_duplicates":20141,"phred_type":"33","qual_max":41.0,"qual_mean":37.4818,"qual_min":2.0,"qual_stdev":5.0294,"read_count":32907056,"read_length_mean":101.0,"read_length_stdev":0.0,"read_orientation_outward":0,"sequencing_tech":"Illumina","single_genome":0,"total_bases":3323612656}