{"base_percentages":{"A":25.2584,"C":25.1045,"G":25.4004,"N":0.0394,"T":24.1972},"gc_content":0.5050490000000001,"insert_size_mean":null,"insert_size_std_dev":null,"interleaved":1,"lib1":{"encoding":"ascii","file":{"file_name":"e6712140-9e8a-4b65-b299-639e8e9fe956.inter.fastq.gz","hid":"KBH_5801645","id":"929b3202-dd60-4e97-a633-4202693bc9fe","remote_md5":"c53340ed758771eddd37df762896261d","type":"shock","url":"https://kbase.us/services/shock-api"},"size":6398032326,"type":"fq"},"number_of_duplicates":4011461,"phred_type":"33","qual_max":41.0,"qual_mean":38.6272,"qual_min":2.0,"qual_stdev":5.2219,"read_count":69789782,"read_length_mean":150.0,"read_length_stdev":0.0,"read_orientation_outward":0,"sequencing_tech":"Illumina","single_genome":0,"total_bases":10468467300}