{"base_percentages":{"A":19.9542,"C":30.1844,"G":30.0171,"N":0.0591,"T":19.7852},"gc_content":0.602015,"insert_size_mean":null,"insert_size_std_dev":null,"interleaved":1,"lib1":{"encoding":"ascii","file":{"file_name":"f71442d4-0486-47cc-8433-f5a2742288a6.inter.fastq.gz","hid":"KBH_5803581","id":"1173e0b5-aa48-41f4-88d0-c6b0774707a6","remote_md5":"9a7533f62e8217978b49b4ad7d8b06d5","type":"shock","url":"https://kbase.us/services/shock-api"},"size":3153509952,"type":"fq"},"number_of_duplicates":36795,"phred_type":"33","qual_max":40.0,"qual_mean":37.717,"qual_min":2.0,"qual_stdev":4.6192,"read_count":14669938,"read_length_mean":251.0,"read_length_stdev":0.0,"read_orientation_outward":0,"sequencing_tech":"Illumina","single_genome":0,"total_bases":3682154438}