{"base_percentages":{"A":24.2005,"C":25.6311,"G":25.2402,"N":0.0017,"T":24.9265},"gc_content":0.5087130000000001,"insert_size_mean":null,"insert_size_std_dev":null,"interleaved":1,"lib1":{"encoding":"ascii","file":{"file_name":"fca9427e-84c1-4175-8248-6faa2fc8e735.inter.fastq.gz","hid":"KBH_5801564","id":"742ad141-e92f-4cdc-a779-5f643cb6d8b8","remote_md5":"e9f2dbf352e9410c5ca321a9404d63da","type":"shock","url":"https://kbase.us/services/shock-api"},"size":2277093111,"type":"fq"},"number_of_duplicates":10453840,"phred_type":"33","qual_max":38.0,"qual_mean":36.7464,"qual_min":2.0,"qual_stdev":3.1017,"read_count":17726998,"read_length_mean":178.5838,"read_length_stdev":43.5261,"read_orientation_outward":0,"sequencing_tech":"Illumina","single_genome":0,"total_bases":3165754961}