{"base_percentages":{"A":19.1488,"C":30.6678,"G":30.5224,"N":0.2189,"T":19.4421},"gc_content":0.6119020000000001,"insert_size_mean":null,"insert_size_std_dev":null,"interleaved":1,"lib1":{"encoding":"ascii","file":{"file_name":"2039ef21-7a22-4573-bb93-de7adfa9e76b.inter.fastq.gz","hid":"KBH_5800835","id":"d3981a54-f8e1-4d32-a90a-b540da6853fe","remote_md5":"de709f8313f65b1eaaa2987e3b8aa2e4","type":"shock","url":"https://kbase.us/services/shock-api"},"size":5656004747,"type":"fq"},"number_of_duplicates":408246,"phred_type":"33","qual_max":41.0,"qual_mean":34.5905,"qual_min":2.0,"qual_stdev":9.8663,"read_count":46742322,"read_length_mean":150.0,"read_length_stdev":0.0,"read_orientation_outward":0,"sequencing_tech":"Illumina","single_genome":0,"total_bases":7011348300}