{"base_percentages":{"A":24.6839,"C":25.6511,"G":25.4144,"N":0.0207,"T":24.2299},"gc_content":0.510655,"insert_size_mean":null,"insert_size_std_dev":null,"interleaved":1,"lib1":{"encoding":"ascii","file":{"file_name":"19c9164d-9301-4ffe-9bfe-d4b3c0a6dc2d.inter.fastq.gz","hid":"KBH_5804809","id":"8d8234db-f7a6-4e75-b072-c43ae6d379d9","remote_md5":"595e00aeaea12ebe78e8f8504c4bed51","type":"shock","url":"https://kbase.us/services/shock-api"},"size":8675069545,"type":"fq"},"number_of_duplicates":487071,"phred_type":"33","qual_max":41.0,"qual_mean":38.6486,"qual_min":2.0,"qual_stdev":5.202,"read_count":91172100,"read_length_mean":150.0,"read_length_stdev":0.0,"read_orientation_outward":0,"sequencing_tech":"Illumina","single_genome":0,"total_bases":13675815000}