{"base_percentages":{"A":26.5098,"C":23.6527,"G":23.6276,"N":0.018,"T":26.1919},"gc_content":0.472803,"insert_size_mean":null,"insert_size_std_dev":null,"interleaved":1,"lib1":{"encoding":"ascii","file":{"file_name":"f4ec9fcd-786f-46cd-9b4d-48b1336f35de.inter.fastq.gz","hid":"KBH_5805136","id":"5a5b19d2-eb21-4b2d-b34d-6e4fda58879b","remote_md5":"0de871d48eeb418f21c73f345a329ecc","type":"shock","url":"https://kbase.us/services/shock-api"},"size":10532072707,"type":"fq"},"number_of_duplicates":346576,"phred_type":"33","qual_max":41.0,"qual_mean":38.7703,"qual_min":2.0,"qual_stdev":5.0073,"read_count":111696122,"read_length_mean":150.0,"read_length_stdev":0.0,"read_orientation_outward":0,"sequencing_tech":"Illumina","single_genome":0,"total_bases":16754418300}