{"base_percentages":{"A":21.6079,"C":28.6389,"G":28.4466,"N":0.0019,"T":21.3046},"gc_content":0.570855,"insert_size_mean":null,"insert_size_std_dev":null,"interleaved":1,"lib1":{"encoding":"ascii","file":{"file_name":"4c57df9c-6273-4970-b898-3bf5effea954.inter.fastq.gz","hid":"KBH_5804075","id":"210a00f6-e9a2-4abb-af00-ba162e9749c6","remote_md5":"70e14fe5d89c2906b28d86513e3f25df","type":"shock","url":"https://kbase.us/services/shock-api"},"size":6912485859,"type":"fq"},"number_of_duplicates":548719,"phred_type":"33","qual_max":41.0,"qual_mean":37.7311,"qual_min":2.0,"qual_stdev":5.2461,"read_count":86494806,"read_length_mean":150.0,"read_length_stdev":0.0,"read_orientation_outward":0,"sequencing_tech":"Illumina","single_genome":0,"total_bases":12974220900}