{"base_percentages":{"A":21.2635,"C":28.5223,"G":28.6077,"N":0.0094,"T":21.5972},"gc_content":0.5713,"insert_size_mean":null,"insert_size_std_dev":null,"interleaved":1,"lib1":{"encoding":"ascii","file":{"file_name":"6c319f28-42aa-43dc-8f62-0be34e50d40f.inter.fastq.gz","hid":"KBH_5803914","id":"cbc9db7b-3739-438e-9150-62b81514ee24","remote_md5":"142698c95335d7732161547731f616b5","type":"shock","url":"https://kbase.us/services/shock-api"},"size":4554324323,"type":"fq"},"number_of_duplicates":18812,"phred_type":"33","qual_max":40.0,"qual_mean":38.6085,"qual_min":2.0,"qual_stdev":3.4953,"read_count":36551844,"read_length_mean":186.3183,"read_length_stdev":69.7512,"read_orientation_outward":0,"sequencing_tech":"Illumina","single_genome":0,"total_bases":6810277413}