{"base_percentages":{"A":24.2442,"C":25.6886,"G":25.7051,"N":0.0012,"T":24.361},"gc_content":0.513937,"insert_size_mean":null,"insert_size_std_dev":null,"interleaved":1,"lib1":{"encoding":"ascii","file":{"file_name":"065cb22c-de12-4e27-966d-0166b8c36085.inter.fastq.gz","hid":"KBH_5804057","id":"2f2befcc-cb2a-478f-8a1d-dea2919a3a1e","remote_md5":"2ad72e669f15d5fe2150690f31140a4e","type":"shock","url":"https://kbase.us/services/shock-api"},"size":7177702743,"type":"fq"},"number_of_duplicates":1549711,"phred_type":"33","qual_max":37.0,"qual_mean":36.0781,"qual_min":2.0,"qual_stdev":4.1562,"read_count":88501942,"read_length_mean":150.5707,"read_length_stdev":0.7735,"read_orientation_outward":0,"sequencing_tech":"Illumina","single_genome":0,"total_bases":13325796933}