{"base_percentages":{"A":24.4666,"C":25.4117,"G":25.4617,"N":0.0012,"T":24.6588},"gc_content":0.508734,"insert_size_mean":null,"insert_size_std_dev":null,"interleaved":1,"lib1":{"encoding":"ascii","file":{"file_name":"ab629e3a-7255-445c-83ba-aa8ac71db084.inter.fastq.gz","hid":"KBH_5804746","id":"2975b06b-c681-4a33-a332-05813cc7203a","remote_md5":"7456679fc7c5b82f1bd570b62c66fc99","type":"shock","url":"https://kbase.us/services/shock-api"},"size":8802169788,"type":"fq"},"number_of_duplicates":534344,"phred_type":"33","qual_max":37.0,"qual_mean":36.123,"qual_min":2.0,"qual_stdev":4.0471,"read_count":108997142,"read_length_mean":150.568,"read_length_stdev":0.7769,"read_orientation_outward":0,"sequencing_tech":"Illumina","single_genome":0,"total_bases":16411482289}