{"base_percentages":{"A":27.3655,"C":22.3366,"G":22.4668,"N":0.0064,"T":27.8246},"gc_content":0.448034,"insert_size_mean":null,"insert_size_std_dev":null,"interleaved":1,"lib1":{"encoding":"ascii","file":{"file_name":"ff31e04b-15f6-4feb-a45f-4a9dcd50b919.inter.fastq.gz","hid":"KBH_5803664","id":"5e565ee6-d233-4452-9916-4b7909571976","remote_md5":"93a4e193a20eab7d04e4fb5757348932","type":"shock","url":"https://kbase.us/services/shock-api"},"size":3677111340,"type":"fq"},"number_of_duplicates":400038,"phred_type":"33","qual_max":40.0,"qual_mean":38.7223,"qual_min":2.0,"qual_stdev":3.2622,"read_count":28956220,"read_length_mean":191.7646,"read_length_stdev":62.9788,"read_orientation_outward":0,"sequencing_tech":"Illumina","single_genome":0,"total_bases":5552776984}