{"base_percentages":{"A":24.6404,"C":25.4486,"G":25.474,"N":0.0269,"T":24.4101},"gc_content":0.5092260000000001,"insert_size_mean":null,"insert_size_std_dev":null,"interleaved":1,"lib1":{"encoding":"ascii","file":{"file_name":"9aff496f-399c-4340-9c7b-771d9ce57c4d.inter.fastq.gz","hid":"KBH_5803380","id":"98fcdaf9-2f66-4abc-b55f-7538e292e41a","remote_md5":"4a9bb296e9527145f2861388b13c27ec","type":"shock","url":"https://kbase.us/services/shock-api"},"size":18024622442,"type":"fq"},"number_of_duplicates":258593,"phred_type":"33","qual_max":41.0,"qual_mean":38.9537,"qual_min":2.0,"qual_stdev":4.7629,"read_count":189183200,"read_length_mean":151.0,"read_length_stdev":0.0,"read_orientation_outward":0,"sequencing_tech":"Illumina","single_genome":0,"total_bases":28566663200}