{"base_percentages":{"A":23.4734,"C":26.6205,"G":26.4975,"N":0.0463,"T":23.3623},"gc_content":0.53118,"insert_size_mean":null,"insert_size_std_dev":null,"interleaved":1,"lib1":{"encoding":"ascii","file":{"file_name":"5339cd5d-078a-4686-bcf0-e15a9f34e971.inter.fastq.gz","hid":"KBH_5804267","id":"ef8dc92b-f609-4baf-b1f0-ac1990512c9c","remote_md5":"b48a35e004340803438e731215295804","type":"shock","url":"https://kbase.us/services/shock-api"},"size":7877246679,"type":"fq"},"number_of_duplicates":725697,"phred_type":"33","qual_max":41.0,"qual_mean":38.3036,"qual_min":2.0,"qual_stdev":5.7833,"read_count":79498494,"read_length_mean":149.2992,"read_length_stdev":4.2448,"read_orientation_outward":0,"sequencing_tech":"Illumina","single_genome":0,"total_bases":11869064197}