{"base_percentages":{"A":24.9257,"C":25.2234,"G":25.2084,"N":0.0014,"T":24.6411},"gc_content":0.504318,"insert_size_mean":null,"insert_size_std_dev":null,"interleaved":1,"lib1":{"encoding":"ascii","file":{"file_name":"134c931d-b460-46ee-988d-12adb74279e5.inter.fastq.gz","hid":"KBH_5800636","id":"81b091d8-3af9-4ddc-9231-3efcd818fdb9","remote_md5":"67a9cafe4d963cf440e5bfc7315ed4ba","type":"shock","url":"https://kbase.us/services/shock-api"},"size":1638929009,"type":"fq"},"number_of_duplicates":45140,"phred_type":"33","qual_max":41.0,"qual_mean":38.3649,"qual_min":2.0,"qual_stdev":3.7666,"read_count":18543892,"read_length_mean":101.0,"read_length_stdev":0.0,"read_orientation_outward":0,"sequencing_tech":"Illumina","single_genome":0,"total_bases":1872933092}