{"base_percentages":{"A":24.6738,"C":25.0388,"G":25.2104,"N":0.0125,"T":25.0644},"gc_content":0.502492,"insert_size_mean":null,"insert_size_std_dev":null,"interleaved":1,"lib1":{"encoding":"ascii","file":{"file_name":"c1d28886-55d3-4866-b18f-9e7c842d9a18.inter.fastq.gz","hid":"KBH_5804504","id":"976c0c99-3729-4bd4-8640-88816174ac2e","remote_md5":"6d865c3cde44d7db810986ba472315fb","type":"shock","url":"https://kbase.us/services/shock-api"},"size":7682275193,"type":"fq"},"number_of_duplicates":219296,"phred_type":"33","qual_max":40.0,"qual_mean":37.6824,"qual_min":2.0,"qual_stdev":4.2883,"read_count":48022550,"read_length_mean":195.2583,"read_length_stdev":68.4428,"read_orientation_outward":0,"sequencing_tech":"Illumina","single_genome":0,"total_bases":9376801692}