{"base_percentages":{"A":21.948,"C":27.8472,"G":28.6734,"N":0.037,"T":21.4944},"gc_content":0.565206,"insert_size_mean":null,"insert_size_std_dev":null,"interleaved":1,"lib1":{"encoding":"ascii","file":{"file_name":"a833bd9f-b5f2-487e-9ed9-821def3c985f.inter.fastq.gz","hid":"KBH_5803978","id":"d9c19175-26f3-45b9-8723-1c61a3ddea60","remote_md5":"fbc4f08c01501dc910829882fce283eb","type":"shock","url":"https://kbase.us/services/shock-api"},"size":5879160073,"type":"fq"},"number_of_duplicates":673548,"phred_type":"33","qual_max":41.0,"qual_mean":35.4941,"qual_min":2.0,"qual_stdev":7.8832,"read_count":59705684,"read_length_mean":100.0,"read_length_stdev":0.0,"read_orientation_outward":0,"sequencing_tech":"Illumina","single_genome":0,"total_bases":5970568400}