{"base_percentages":{"A":25.8535,"C":23.7882,"G":23.9525,"N":0.0426,"T":26.3632},"gc_content":0.477407,"insert_size_mean":null,"insert_size_std_dev":null,"interleaved":1,"lib1":{"encoding":"ascii","file":{"file_name":"60d86627-68dc-4a0a-9014-fb7c72487a63.inter.fastq.gz","hid":"KBH_5801672","id":"1dbe4507-b003-4277-b847-16546069c640","remote_md5":"f3ac4db6673b75f9e30c6b10ff29fbbf","type":"shock","url":"https://kbase.us/services/shock-api"},"size":7084844771,"type":"fq"},"number_of_duplicates":366509,"phred_type":"33","qual_max":41.0,"qual_mean":38.7471,"qual_min":2.0,"qual_stdev":5.0571,"read_count":76898234,"read_length_mean":151.0,"read_length_stdev":0.0,"read_orientation_outward":0,"sequencing_tech":"Illumina","single_genome":0,"total_bases":11611633334}