{"base_percentages":{"A":27.53,"C":22.6177,"G":22.6088,"N":0.0105,"T":27.2331},"gc_content":0.45226500000000003,"insert_size_mean":null,"insert_size_std_dev":null,"interleaved":1,"lib1":{"encoding":"ascii","file":{"file_name":"44e29195-f2f9-4a48-bc89-a8b7782120d1.inter.fastq.gz","hid":"KBH_5800798","id":"7f732afd-f082-400f-a7d1-fb96f6331820","remote_md5":"ba2138d20589f7b7c9f7a1a6c1f4b319","type":"shock","url":"https://kbase.us/services/shock-api"},"size":3980282152,"type":"fq"},"number_of_duplicates":2763329,"phred_type":"33","qual_max":36.0,"qual_mean":34.1101,"qual_min":2.0,"qual_stdev":4.8128,"read_count":40863560,"read_length_mean":147.9834,"read_length_stdev":12.1453,"read_orientation_outward":0,"sequencing_tech":"Illumina","single_genome":0,"total_bases":6047126656}