{"base_percentages":{"A":27.217,"C":22.9286,"G":22.8147,"N":0.0068,"T":27.0328},"gc_content":0.457433,"insert_size_mean":null,"insert_size_std_dev":null,"interleaved":1,"lib1":{"encoding":"ascii","file":{"file_name":"26942871-89b2-4a36-b29d-34c2fe286cfb.inter.fastq.gz","hid":"KBH_5804016","id":"6aab1700-f565-4bd0-b924-2b86e161c6ce","remote_md5":"ab54614be2b50a7dc3140fd2dd728ac7","type":"shock","url":"https://kbase.us/services/shock-api"},"size":34019021893,"type":"fq"},"number_of_duplicates":3533816,"phred_type":"33","qual_max":41.0,"qual_mean":38.3793,"qual_min":2.0,"qual_stdev":5.5094,"read_count":345656552,"read_length_mean":150.0,"read_length_stdev":0.0,"read_orientation_outward":0,"sequencing_tech":"Illumina","single_genome":0,"total_bases":51848482800}