{"base_percentages":{"A":23.7382,"C":26.2789,"G":26.1455,"N":0.0501,"T":23.7873},"gc_content":0.5242439999999999,"insert_size_mean":null,"insert_size_std_dev":null,"interleaved":1,"lib1":{"encoding":"ascii","file":{"file_name":"5a421bc5-8a24-43d5-9e3f-59f365a9ddf5.inter.fastq.gz","hid":"KBH_5802230","id":"b9e1d51b-9846-4690-919e-b61aeb481306","remote_md5":"d23089922fb1ed4cc56e913e86a8c3bc","type":"shock","url":"https://kbase.us/services/shock-api"},"size":9394213226,"type":"fq"},"number_of_duplicates":101932,"phred_type":"33","qual_max":40.0,"qual_mean":37.6668,"qual_min":2.0,"qual_stdev":4.8564,"read_count":62005698,"read_length_mean":201.0,"read_length_stdev":0.0,"read_orientation_outward":0,"sequencing_tech":"Illumina","single_genome":0,"total_bases":12463145298}