{"base_percentages":{"A":25.293,"C":24.5007,"G":24.5112,"N":0.0209,"T":25.6742},"gc_content":0.49011899999999997,"insert_size_mean":null,"insert_size_std_dev":null,"interleaved":1,"lib1":{"encoding":"ascii","file":{"file_name":"98153276-7494-4274-a688-ee6a2a627471.inter.fastq.gz","hid":"KBH_5804977","id":"6294bf22-d6ec-4a26-ad5c-b085d42c68b3","remote_md5":"85da718bb6858820e4761b50e3e39787","type":"shock","url":"https://kbase.us/services/shock-api"},"size":9045703479,"type":"fq"},"number_of_duplicates":101015,"phred_type":"33","qual_max":40.0,"qual_mean":38.0697,"qual_min":2.0,"qual_stdev":3.7653,"read_count":52685176,"read_length_mean":215.1858,"read_length_stdev":51.6859,"read_orientation_outward":0,"sequencing_tech":"Illumina","single_genome":0,"total_bases":11337102568}