{"base_percentages":{"A":21.5903,"C":28.5051,"G":28.7438,"N":0.0738,"T":21.087},"gc_content":0.572489,"insert_size_mean":null,"insert_size_std_dev":null,"interleaved":1,"lib1":{"encoding":"ascii","file":{"file_name":"e365932f-15b9-4f7f-b3ad-74785363fce6.inter.fastq.gz","hid":"KBH_5800775","id":"278f6eba-db8a-49f1-b037-6add83314cb7","remote_md5":"d837eea2f1c2f9cc42c67fc4308a242e","type":"shock","url":"https://kbase.us/services/shock-api"},"size":3712667623,"type":"fq"},"number_of_duplicates":154392,"phred_type":"33","qual_max":36.0,"qual_mean":34.1878,"qual_min":2.0,"qual_stdev":4.7357,"read_count":37640628,"read_length_mean":151.0,"read_length_stdev":0.0,"read_orientation_outward":0,"sequencing_tech":"Illumina","single_genome":0,"total_bases":5683734828}