{"base_percentages":{"A":21.166,"C":28.8266,"G":28.8912,"N":0.0249,"T":21.0913},"gc_content":0.577178,"insert_size_mean":null,"insert_size_std_dev":null,"interleaved":1,"lib1":{"encoding":"ascii","file":{"file_name":"1d9a2b92-9951-47c6-9b82-614f283d554d.inter.fastq.gz","hid":"KBH_5807089","id":"b7cf660b-d81f-4eb0-98f8-db0a5b1cf936","remote_md5":"befc54d00e3e2e2f0bf80c8611854ce1","type":"shock","url":"https://kbase.us/services/shock-api"},"size":13832127467,"type":"fq"},"number_of_duplicates":230293,"phred_type":"33","qual_max":42.0,"qual_mean":39.111,"qual_min":2.0,"qual_stdev":5.633,"read_count":129695962,"read_length_mean":151.0,"read_length_stdev":0.0,"read_orientation_outward":0,"sequencing_tech":"Illumina","single_genome":0,"total_bases":19584090262}