{"base_percentages":{"A":25.4426,"C":24.4107,"G":24.4857,"N":0.0012,"T":25.6599},"gc_content":0.488964,"insert_size_mean":null,"insert_size_std_dev":null,"interleaved":1,"lib1":{"encoding":"ascii","file":{"file_name":"a224fc65-b642-4e26-b294-b407b7a792e2.inter.fastq.gz","hid":"KBH_5804249","id":"30fa8025-2f35-472d-95f9-0ab8c1ad8338","remote_md5":"0cb711215cd9e60f22e49bd0db2d7884","type":"shock","url":"https://kbase.us/services/shock-api"},"size":7630118562,"type":"fq"},"number_of_duplicates":577449,"phred_type":"33","qual_max":37.0,"qual_mean":36.1093,"qual_min":2.0,"qual_stdev":4.0533,"read_count":93321484,"read_length_mean":150.5561,"read_length_stdev":0.794,"read_orientation_outward":0,"sequencing_tech":"Illumina","single_genome":0,"total_bases":14050117403}