{"base_percentages":{"A":25.6391,"C":24.6344,"G":24.6444,"N":0.0023,"T":25.0798},"gc_content":0.49278800000000006,"insert_size_mean":null,"insert_size_std_dev":null,"interleaved":1,"lib1":{"encoding":"ascii","file":{"file_name":"52f8589b-f985-432d-9713-669815c498f4.inter.fastq.gz","hid":"KBH_5801754","id":"8eb185cc-a2f3-46c7-8352-754b3068a6ef","remote_md5":"539852cd0622555cbefcb200d401e049","type":"shock","url":"https://kbase.us/services/shock-api"},"size":7731685668,"type":"fq"},"number_of_duplicates":355795,"phred_type":"33","qual_max":37.0,"qual_mean":36.1496,"qual_min":2.0,"qual_stdev":3.9632,"read_count":97058800,"read_length_mean":150.0,"read_length_stdev":0.0,"read_orientation_outward":0,"sequencing_tech":"Illumina","single_genome":0,"total_bases":14558820000}