{"base_percentages":{"A":28.8217,"C":20.8647,"G":20.9912,"N":0.021,"T":29.3014},"gc_content":0.41855899999999996,"insert_size_mean":null,"insert_size_std_dev":null,"interleaved":1,"lib1":{"encoding":"ascii","file":{"file_name":"23a4539a-36c8-4835-a5f7-4efca19e42ab.inter.fastq.gz","hid":"KBH_5807175","id":"21e0b5a5-a07a-4116-bc31-7c4bb30ab513","remote_md5":"4e280729ed2c8515bfbfd7db254dfb85","type":"shock","url":"https://kbase.us/services/shock-api"},"size":10166938910,"type":"fq"},"number_of_duplicates":2488209,"phred_type":"33","qual_max":40.0,"qual_mean":38.2397,"qual_min":2.0,"qual_stdev":3.4773,"read_count":58676406,"read_length_mean":220.2896,"read_length_stdev":49.6614,"read_orientation_outward":0,"sequencing_tech":"Illumina","single_genome":0,"total_bases":12925804882}