{"base_percentages":{"A":24.8806,"C":24.8249,"G":24.9715,"N":0.0073,"T":25.3158},"gc_content":0.49796399999999996,"insert_size_mean":null,"insert_size_std_dev":null,"interleaved":1,"lib1":{"encoding":"ascii","file":{"file_name":"da68f7c7-f41a-4932-a43d-103a91c29512.inter.fastq.gz","hid":"KBH_5804721","id":"510e7297-4ae1-4dad-a6d9-2aebc786de96","remote_md5":"c12fa0e02788c7f1babcdde607a9c0e1","type":"shock","url":"https://kbase.us/services/shock-api"},"size":7947954069,"type":"fq"},"number_of_duplicates":114058,"phred_type":"33","qual_max":40.0,"qual_mean":38.4756,"qual_min":2.0,"qual_stdev":3.1486,"read_count":49003252,"read_length_mean":215.2639,"read_length_stdev":54.5629,"read_orientation_outward":0,"sequencing_tech":"Illumina","single_genome":0,"total_bases":10548632583}