{"base_percentages":{"A":25.8438,"C":24.0636,"G":24.1788,"N":0.1226,"T":25.7912},"gc_content":0.482424,"insert_size_mean":null,"insert_size_std_dev":null,"interleaved":1,"lib1":{"encoding":"ascii","file":{"file_name":"04db6ce3-4eec-4254-92a6-6c25af5d686c.inter.fastq.gz","hid":"KBH_5802212","id":"f3adff37-1728-40a1-82a4-a30ed2692d93","remote_md5":"f64d4c0007c8bd8c022a20eded1191a5","type":"shock","url":"https://kbase.us/services/shock-api"},"size":8858473898,"type":"fq"},"number_of_duplicates":36198,"phred_type":"33","qual_max":40.0,"qual_mean":37.588,"qual_min":2.0,"qual_stdev":5.2034,"read_count":51830844,"read_length_mean":250.0,"read_length_stdev":0.0,"read_orientation_outward":0,"sequencing_tech":"Illumina","single_genome":0,"total_bases":12957711000}