{"base_percentages":{"A":21.6744,"C":28.4593,"G":28.4105,"N":0.0187,"T":21.4371},"gc_content":0.5686979999999999,"insert_size_mean":null,"insert_size_std_dev":null,"interleaved":1,"lib1":{"encoding":"ascii","file":{"file_name":"0fbdd954-b672-4663-9d02-67a111bb2b08.inter.fastq.gz","hid":"KBH_5804393","id":"827e0f2c-e14d-403c-8b77-c5610912730d","remote_md5":"c66d29b5807199499e640e347bb271e0","type":"shock","url":"https://kbase.us/services/shock-api"},"size":7981542674,"type":"fq"},"number_of_duplicates":257818,"phred_type":"33","qual_max":41.0,"qual_mean":38.644,"qual_min":2.0,"qual_stdev":5.1452,"read_count":82669882,"read_length_mean":150.0,"read_length_stdev":0.0,"read_orientation_outward":0,"sequencing_tech":"Illumina","single_genome":0,"total_bases":12400482300}