{"base_percentages":{"A":20.599,"C":29.5431,"G":29.2855,"N":0.0027,"T":20.5697},"gc_content":0.588286,"insert_size_mean":null,"insert_size_std_dev":null,"interleaved":1,"lib1":{"encoding":"ascii","file":{"file_name":"97629a30-b3cd-4380-9e78-2c75ef78699c.inter.fastq.gz","hid":"KBH_5803736","id":"20c8e9d9-6442-4f7b-b407-560ec49e0838","remote_md5":"33d72b65bbdfa57fdb53e0228877302c","type":"shock","url":"https://kbase.us/services/shock-api"},"size":4011155265,"type":"fq"},"number_of_duplicates":64737,"phred_type":"33","qual_max":41.0,"qual_mean":38.2334,"qual_min":2.0,"qual_stdev":5.7344,"read_count":39396822,"read_length_mean":150.8077,"read_length_stdev":3.6437,"read_orientation_outward":0,"sequencing_tech":"Illumina","single_genome":0,"total_bases":5941342312}