{"base_percentages":{"A":30.1255,"C":18.6496,"G":25.5239,"N":0.0257,"T":25.6753},"gc_content":0.44173500000000004,"insert_size_mean":null,"insert_size_std_dev":null,"interleaved":1,"lib1":{"encoding":"ascii","file":{"file_name":"c4ab64cc-234e-470b-9be2-6d29644e23fb.inter.fastq.gz","hid":"KBH_5803508","id":"9219f40d-1be8-4170-a1d7-f00b9b324882","remote_md5":"d8dc2948c9c1edd24b9faae5a4e4ba74","type":"shock","url":"https://kbase.us/services/shock-api"},"size":22485504335,"type":"fq"},"number_of_duplicates":1534169,"phred_type":"33","qual_max":38.0,"qual_mean":35.7939,"qual_min":2.0,"qual_stdev":4.9372,"read_count":201081816,"read_length_mean":151.0,"read_length_stdev":0.0,"read_orientation_outward":0,"sequencing_tech":"Illumina","single_genome":0,"total_bases":30363354216}