{"base_percentages":{"A":25.2402,"C":24.4311,"G":24.5735,"N":0.0346,"T":25.7206},"gc_content":0.490046,"insert_size_mean":null,"insert_size_std_dev":null,"interleaved":1,"lib1":{"encoding":"ascii","file":{"file_name":"242f8819-1c25-45f9-9df6-029454e9fa80.inter.fastq.gz","hid":"KBH_5805392","id":"dc44c11b-e027-4859-b834-130972bf0d81","remote_md5":"6aa5295bcd9d29dc2c58efaabe89ba56","type":"shock","url":"https://kbase.us/services/shock-api"},"size":12844305829,"type":"fq"},"number_of_duplicates":315337,"phred_type":"33","qual_max":40.0,"qual_mean":37.6778,"qual_min":2.0,"qual_stdev":4.2793,"read_count":76746744,"read_length_mean":202.5716,"read_length_stdev":59.7696,"read_orientation_outward":0,"sequencing_tech":"Illumina","single_genome":0,"total_bases":15546714244}