{"base_percentages":{"A":22.9993,"C":27.1958,"G":27.0749,"N":0.038,"T":22.6921},"gc_content":0.5427069999999999,"insert_size_mean":null,"insert_size_std_dev":null,"interleaved":1,"lib1":{"encoding":"ascii","file":{"file_name":"0a63645f-4d20-4000-bede-0e0af2c26cf4.inter.fastq.gz","hid":"KBH_5805176","id":"1a071204-5cff-4579-b65e-82bc55b778a3","remote_md5":"0980d4911ef367938be7f706af05e170","type":"shock","url":"https://kbase.us/services/shock-api"},"size":10866404741,"type":"fq"},"number_of_duplicates":288909,"phred_type":"33","qual_max":41.0,"qual_mean":38.7212,"qual_min":2.0,"qual_stdev":5.0855,"read_count":119850802,"read_length_mean":150.0,"read_length_stdev":0.0,"read_orientation_outward":0,"sequencing_tech":"Illumina","single_genome":0,"total_bases":17977620300}