{"base_percentages":{"A":22.488,"C":27.3226,"G":27.7252,"N":0.0783,"T":22.3859},"gc_content":0.550478,"insert_size_mean":null,"insert_size_std_dev":null,"interleaved":1,"lib1":{"encoding":"ascii","file":{"file_name":"bb2cfb5a-8d8d-4e9d-9e8d-e939b17e647b.inter.fastq.gz","hid":"KBH_5803942","id":"9293619c-9116-4cba-a5fa-9876f80f7f07","remote_md5":"50463508d7fc3407ef00a4493d004f80","type":"shock","url":"https://kbase.us/services/shock-api"},"size":5521382929,"type":"fq"},"number_of_duplicates":208395,"phred_type":"33","qual_max":41.0,"qual_mean":36.6331,"qual_min":2.0,"qual_stdev":6.3128,"read_count":56920250,"read_length_mean":100.0,"read_length_stdev":0.0,"read_orientation_outward":0,"sequencing_tech":"Illumina","single_genome":0,"total_bases":5692025000}