{"base_percentages":{"A":20.0527,"C":29.7419,"G":29.7225,"N":0.0436,"T":20.4394},"gc_content":0.594644,"insert_size_mean":null,"insert_size_std_dev":null,"interleaved":1,"lib1":{"encoding":"ascii","file":{"file_name":"bc956236-578d-4b5f-b249-4332ce2fc22b.inter.fastq.gz","hid":"KBH_5800942","id":"35a9b3dd-7b91-47ee-a839-c6c15e33b2ae","remote_md5":"c85cb12f74698ad8218d0bad51f266c1","type":"shock","url":"https://kbase.us/services/shock-api"},"size":473808815,"type":"fq"},"number_of_duplicates":112232,"phred_type":"33","qual_max":38.0,"qual_mean":36.5347,"qual_min":2.0,"qual_stdev":3.7125,"read_count":2558208,"read_length_mean":233.9468,"read_length_stdev":38.9776,"read_orientation_outward":0,"sequencing_tech":"Illumina","single_genome":0,"total_bases":598484672}