{"base_percentages":{"A":23.4965,"C":26.77,"G":26.7194,"N":0.0052,"T":23.0088},"gc_content":0.534894,"insert_size_mean":null,"insert_size_std_dev":null,"interleaved":1,"lib1":{"encoding":"ascii","file":{"file_name":"5c8ec4ab-b99e-4cc4-8dfc-1b62deb23e23.inter.fastq.gz","hid":"KBH_5801668","id":"6175651f-dd9e-4539-baa1-2994e626a3b2","remote_md5":"0b6199ddf7fa0270e7ca850d7d293e4e","type":"shock","url":"https://kbase.us/services/shock-api"},"size":7331804188,"type":"fq"},"number_of_duplicates":342367,"phred_type":"33","qual_max":37.0,"qual_mean":36.2516,"qual_min":2.0,"qual_stdev":3.7191,"read_count":94189640,"read_length_mean":150.0,"read_length_stdev":0.0,"read_orientation_outward":0,"sequencing_tech":"Illumina","single_genome":0,"total_bases":14128446000}