{"base_percentages":{"A":19.2119,"C":30.6924,"G":30.9045,"N":3.0E-4,"T":19.1909},"gc_content":0.615969,"insert_size_mean":null,"insert_size_std_dev":null,"interleaved":1,"lib1":{"encoding":"ascii","file":{"file_name":"e3cf8c9d-4810-4989-a606-86d9e003ec85.inter.fastq.gz","hid":"KBH_5801539","id":"261e60c0-0b54-4b0d-8103-15f19b3a01ef","remote_md5":"95d723dfb81d64724d523f8bc182d753","type":"shock","url":"https://kbase.us/services/shock-api"},"size":1148817400,"type":"fq"},"number_of_duplicates":236125,"phred_type":"33","qual_max":41.0,"qual_mean":36.8142,"qual_min":2.0,"qual_stdev":5.6725,"read_count":11918058,"read_length_mean":100.0,"read_length_stdev":0.0,"read_orientation_outward":0,"sequencing_tech":"Illumina","single_genome":0,"total_bases":1191805800}