{"base_percentages":{"A":20.613,"C":29.1778,"G":29.9551,"N":0.0746,"T":20.1796},"gc_content":0.5913290000000001,"insert_size_mean":null,"insert_size_std_dev":null,"interleaved":1,"lib1":{"encoding":"ascii","file":{"file_name":"a12c23e8-7c59-41c7-9d23-3ac8457d663a.inter.fastq.gz","hid":"KBH_5800740","id":"ccac844e-7482-4320-ae92-2347b416d94f","remote_md5":"6125eeb2a00abcd5cce1823d953e92da","type":"shock","url":"https://kbase.us/services/shock-api"},"size":3529732429,"type":"fq"},"number_of_duplicates":226953,"phred_type":"33","qual_max":36.0,"qual_mean":34.1485,"qual_min":2.0,"qual_stdev":4.816,"read_count":35973620,"read_length_mean":151.0,"read_length_stdev":0.0,"read_orientation_outward":0,"sequencing_tech":"Illumina","single_genome":0,"total_bases":5432016620}